area_type,area_code,area_name,scope,n_blocks,uhi_mean,uhi_p10,uhi_p90,canopy_mean,canopy_p10,canopy_p90,coolest_mb_code,coolest_uhi,coolest_canopy_pct
METRO,METRO,Metropolitan Melbourne,ALL,54239,8.4591,6.1257,10.7262,12.9561,3.237,24.6597,20485780000,-7.4353,29.8191
LGA,Banyule (C),Banyule (C),ALL,1555,8.2497,7.0365,9.3664,18.52,9.5858,29.8454,20698000000,2.5175,51.2142
LGA,Bayside (C),Bayside (C),ALL,1277,7.3727,5.7373,8.8698,15.668,7.6577,22.449,20675950000,0.6177,0.577
LGA,Boroondara (C),Boroondara (C),ALL,2237,7.5026,6.5884,8.4206,19.0645,9.8717,27.4985,20070781000,3.0069,4.3285
LGA,Brimbank (C),Brimbank (C),ALL,2247,10.7503,9.8416,11.9056,6.6962,2.4661,11.3913,20631923010,1.898,1.4776
LGA,Cardinia (S),Cardinia (S),ALL,911,9.8819,4.3934,13.218,14.2583,1.2144,43.5298,20101820000,0.9462,43.2483
LGA,Casey (C),Casey (C),ALL,2974,10.7918,8.1277,13.8482,9.8272,2.6426,17.3515,20128340000,2.7575,0.0448
LGA,Darebin (C),Darebin (C),ALL,1923,8.5267,7.4584,9.3694,10.7631,4.0583,18.069,20631899640,4.9055,37.7704
LGA,Frankston (C),Frankston (C),ALL,1871,8.252,5.7782,10.0531,14.7293,5.3591,23.8212,20678490000,-0.841,0.0287
LGA,Glen Eira (C),Glen Eira (C),ALL,1714,8.635,7.8851,9.3874,12.4227,6.7485,18.3271,20631928880,5.3011,39.2795
LGA,Greater Dandenong (C),Greater Dandenong (C),ALL,1852,9.2663,8.2489,10.4024,8.0727,2.8062,12.867,20631943960,0.9939,4.1175
LGA,Hobsons Bay (C),Hobsons Bay (C),ALL,1259,7.974,5.7865,10.0677,8.6575,3.0954,14.0595,20276230000,-1.094,0.3022
LGA,Hume (C),Hume (C),ALL,2029,9.2378,8.2031,10.2506,7.8036,2.0359,13.5546,20294912000,3.9905,4.2082
LGA,Kingston (C) (Vic.),Kingston (C) (Vic.),ALL,2209,9.0507,6.9282,10.517,8.9167,2.1227,14.6726,20677630000,1.073,0.1554
LGA,Knox (C),Knox (C),ALL,1725,7.5241,5.7801,8.8731,15.3716,7.627,24.4093,20631990990,0.433,53.6751
LGA,Manningham (C),Manningham (C),ALL,1375,8.032,5.3982,9.3681,18.4521,9.4867,34.9793,20719890000,2.3614,27.6543
LGA,Maribyrnong (C),Maribyrnong (C),ALL,1096,9.3513,7.6562,10.7716,9.0182,3.6632,14.559,20631989030,4.4666,3.1602
LGA,Maroondah (C),Maroondah (C),ALL,1382,7.0284,5.7494,8.2576,20.3868,9.979,30.6959,20386960000,3.4457,43.0454
LGA,Melbourne (C),Melbourne (C),ALL,1323,7.9398,6.0661,9.5939,11.6071,1.575,22.9645,20399560000,-1.9021,0.0002
LGA,Melton (C),Melton (C),ALL,1398,10.7309,9.239,12.157,5.7788,0.9724,10.2268,20631951360,5.2487,2.932
LGA,Mitchell (S),Mitchell (S),ALL,120,6.5705,5.2887,7.8251,7.4099,0.7887,17.8732,20631958700,3.7535,12.313
LGA,Monash (C),Monash (C),ALL,2179,8.4341,7.5679,9.2908,13.286,6.5465,19.8508,20434530000,3.0358,20.8315
LGA,Moonee Valley (C),Moonee Valley (C),ALL,1526,9.6313,8.6701,10.5186,10.468,3.9359,17.6,20452160000,5.2839,9.3176
LGA,Moreland (C),Moreland (C),ALL,2106,9.1965,8.333,10.0792,9.5192,3.0598,15.8313,20465244000,4.8711,1.1824
LGA,Mornington Peninsula (S),Mornington Peninsula (S),ALL,3025,4.9238,1.551,7.9541,19.9094,6.6882,34.5645,20485780000,-7.4353,29.8191
LGA,Nillumbik (S),Nillumbik (S),ALL,616,6.9423,4.8479,8.6712,27.8975,13.9996,42.9142,20719640000,1.8414,53.3557
LGA,Port Phillip (C),Port Phillip (C),ALL,1582,7.3983,5.8482,8.8417,14.6054,4.8353,25.9035,20532141000,-2.8065,0.7378
LGA,Stonnington (C),Stonnington (C),ALL,1597,7.5599,6.5751,8.4854,17.3616,4.4712,28.63,20668430000,3.6146,23.6341
LGA,Whitehorse (C),Whitehorse (C),ALL,1969,7.9298,6.8525,8.8863,17.8158,9.3168,27.653,20599460000,3.1907,30.8062
LGA,Whittlesea (C),Whittlesea (C),ALL,2169,9.4612,8.361,10.7064,7.1557,2.1133,12.7256,20612086100,4.444,4.0878
LGA,Wyndham (C),Wyndham (C),ALL,2226,9.2253,7.3106,11.6159,5.5741,0.9786,10.0312,20690180000,1.1628,0.008
LGA,Yarra (C),Yarra (C),ALL,1378,8.2655,7.1688,9.3915,11.0203,2.1461,20.825,20699300000,2.1818,33.9644
LGA,Yarra Ranges (S),Yarra Ranges (S),ALL,1389,5.9227,3.2367,8.0755,26.9273,11.1162,47.7888,20647734000,-3.0492,34.1667
SA3,20601,Brunswick - Coburg,ALL,1160,9.0061,8.2358,9.8047,9.9245,2.2319,16.7553,20465244000,4.8711,1.1824
SA3,20602,Darebin - South,ALL,743,8.0643,7.1618,8.96,12.9525,4.3093,21.7524,20631899640,4.9055,37.7704
SA3,20603,Essendon,ALL,866,9.3661,8.5323,10.2657,11.5611,4.9763,18.675,20452160000,5.2839,9.3176
SA3,20604,Melbourne City,ALL,1294,7.9689,6.0944,9.6012,11.7557,1.7073,23.0352,20675220000,-1.7678,0.0022
SA3,20605,Port Phillip,ALL,1610,7.3874,5.8249,8.848,14.4148,4.4297,25.8178,20532141000,-2.8065,0.7378
SA3,20606,Stonnington - West,ALL,988,7.3809,6.3755,8.3288,17.2948,3.6265,29.181,20668430000,3.6146,23.6341
SA3,20607,Yarra,ALL,1393,8.2584,7.1102,9.3901,11.0777,2.1834,20.9826,20699300000,2.1818,33.9644
SA3,20701,Boroondara,ALL,2230,7.4986,6.5867,8.409,19.0855,9.8797,27.525,20070781000,3.0069,4.3285
SA3,20702,Manningham - West,ALL,1083,8.5692,7.5903,9.4697,15.4135,8.8144,22.4629,20697980000,2.959,56.0742
SA3,20703,Whitehorse - West,ALL,1257,7.958,6.9486,8.8538,17.5885,9.2178,27.4423,20605970000,3.7746,50.9156
SA3,20801,Bayside,ALL,1277,7.3727,5.7373,8.8698,15.668,7.6577,22.449,20675950000,0.6177,0.577
SA3,20802,Glen Eira,ALL,1805,8.6305,7.8855,9.3865,12.3859,6.7301,18.232,20631928880,5.3011,39.2795
SA3,20803,Kingston,ALL,1802,8.8834,6.43,10.5181,8.8437,1.6982,14.5341,20677630000,1.073,0.1554
SA3,20804,Stonnington - East,ALL,609,7.8503,7.0489,8.6586,17.4699,7.1315,27.0404,20698900000,4.8668,41.0935
SA3,20901,Banyule,ALL,1556,8.2495,7.0366,9.3658,18.5171,9.5866,29.8358,20698000000,2.5175,51.2142
SA3,20902,Darebin - North,ALL,1180,8.8179,8.1156,9.4874,9.3845,4.0515,14.4006,20155520000,5.3,55.0647
SA3,20903,Nillumbik - Kinglake,ALL,615,6.9405,4.8438,8.6715,27.9201,14.0443,42.9158,20719640000,1.8414,53.3557
SA3,20904,Whittlesea - Wallan,ALL,2289,9.3096,7.9273,10.6582,7.169,1.9585,12.9061,20631958700,3.7535,12.313
SA3,21001,Keilor,ALL,810,9.9291,8.9339,10.7437,9.2973,3.0405,16.8447,20300931000,5.1973,2.6038
SA3,21003,Moreland - North,ALL,934,9.4515,8.7473,10.3148,8.9378,3.6785,14.1296,20470891000,5.8312,1.1636
SA3,21004,Sunbury,ALL,447,9.0273,7.8856,10.236,10.8762,3.4906,18.4005,20303930000,5.3137,14.2313
SA3,21005,Tullamarine - Broadmeadows,ALL,1605,9.3207,8.292,10.2781,6.9428,1.8435,11.8308,20294912000,3.9905,4.2082
SA3,21101,Knox,ALL,1725,7.5241,5.7801,8.8731,15.3716,7.627,24.4093,20631990990,0.433,53.6751
SA3,21102,Manningham - East,ALL,299,6.0798,4.0289,8.5277,29.3969,14.0456,43.3081,20719890000,2.3614,27.6543
SA3,21103,Maroondah,ALL,1376,7.0269,5.7504,8.2572,20.3907,9.9555,30.6942,20386960000,3.4457,43.0454
SA3,21104,Whitehorse - East,ALL,721,7.8773,6.7394,8.9784,18.2194,10.5394,28.1481,20599460000,3.1907,30.8062
SA3,21105,Yarra Ranges,ALL,1384,5.9266,3.2415,8.0767,26.8942,11.1129,47.7516,20647734000,-3.0492,34.1667
SA3,21201,Cardinia,ALL,913,9.8673,4.3531,13.2178,14.345,1.2174,43.7821,20101820000,0.9462,43.2483
SA3,21202,Casey - North,ALL,1456,10.1587,7.842,12.6126,11.6324,5.3268,19.7024,20123570000,2.8662,54.2899
SA3,21203,Casey - South,ALL,1518,11.399,8.8051,14.3096,8.0956,1.8931,14.8653,20128340000,2.7575,0.0448
SA3,21204,Dandenong,ALL,2259,9.3609,8.2998,10.4247,8.283,3.0702,13.3069,20631943960,0.9939,4.1175
SA3,21205,Monash,ALL,2088,8.4292,7.5434,9.2908,13.3554,6.5425,19.9971,20434530000,3.0358,20.8315
SA3,21301,Brimbank,ALL,2104,10.8153,9.9362,11.9444,6.4092,2.4656,10.4372,20631923010,1.898,1.4776
SA3,21302,Hobsons Bay,ALL,1203,7.8953,5.7431,10.0662,8.6547,2.9932,14.1986,20276230000,-1.094,0.3022
SA3,21303,Maribyrnong,ALL,1096,9.3513,7.6562,10.7716,9.0182,3.6632,14.559,20631989030,4.4666,3.1602
SA3,21304,Melton - Bacchus Marsh,ALL,1366,10.7442,9.2378,12.1766,5.772,0.9752,10.2428,20631951360,5.2487,2.932
SA3,21305,Wyndham,ALL,2282,9.2361,7.3559,11.5928,5.6512,1.0102,10.1191,20690180000,1.1628,0.008
SA3,21401,Frankston,ALL,1871,8.252,5.7782,10.0531,14.7293,5.3591,23.8212,20678490000,-0.841,0.0287
SA3,21402,Mornington Peninsula,ALL,3025,4.9238,1.551,7.9541,19.9094,6.6882,34.5645,20485780000,-7.4353,29.8191
SA2,206011105,Brunswick,ALL,363,8.954,8.1456,9.8023,8.2598,1.2317,14.257,20465244000,4.8711,1.1824
SA2,206011106,Brunswick East,ALL,147,8.6926,7.8791,9.5053,10.7709,2.3206,19.8659,20464890000,6.4575,20.3087
SA2,206011107,Brunswick West,ALL,206,9.1131,8.424,9.8194,11.8648,5.359,18.2636,20460970000,7.8247,12.02
SA2,206011108,Coburg,ALL,326,9.117,8.3061,10.0851,9.9274,3.8071,17.085,20720460000,5.9519,38.9401
SA2,206011109,Pascoe Vale South,ALL,118,9.064,8.3919,9.7185,10.5958,4.8308,15.9596,20471040000,7.6501,30.005
SA2,206021110,Alphington - Fairfield,ALL,132,7.7893,6.8835,8.828,14.7992,3.609,24.6239,20145264000,5.368,3.5985
SA2,206021111,Northcote,ALL,347,7.9038,6.9474,8.874,13.6466,4.0183,22.2313,20631899640,4.9055,37.7704
SA2,206021112,Thornbury,ALL,264,8.4127,7.7035,9.197,11.1169,5.8502,16.2313,20143980000,5.5543,54.2127
SA2,206031113,Ascot Vale,ALL,182,9.3607,8.5618,10.2755,10.9446,4.2425,17.12,20452160000,5.2839,9.3176
SA2,206031114,Essendon - Aberfeldie,ALL,363,9.5101,8.7837,10.3595,10.8446,5.492,16.0874,20715150000,5.9997,21.7649
SA2,206031115,Flemington,ALL,123,8.7392,7.6336,9.673,17.5143,6.2868,30.4046,20450811000,6.0753,34.4581
SA2,206031116,Moonee Ponds,ALL,198,9.4968,8.8084,10.2465,9.7434,3.7107,15.1294,20631973530,6.9973,33.0308
SA2,206041117,Carlton,ALL,197,8.3392,7.4042,9.2323,11.3976,3.105,19.7459,20631957110,6.5582,8.6615
SA2,206041118,Docklands,ALL,56,6.0549,3.848,8.5779,5.6666,1.0545,11.7444,20395440000,0.2674,0.0005
SA2,206041119,East Melbourne,ALL,90,7.6841,6.5916,8.6847,17.4504,8.7706,29.7264,20668210000,3.5727,44.1172
SA2,206041120,Flemington Racecourse,ALL,1,8.9869,8.9869,8.9869,7.289,7.289,7.289,20400290000,8.9869,7.289
SA2,206041121,Kensington (Vic.),ALL,160,9.0962,8.1624,10.4277,14.7197,5.2645,23.9698,20675310000,6.6582,8.1469
SA2,206041122,Melbourne,ALL,265,7.2632,5.6548,9.0419,5.8983,0.2762,12.9672,20393800000,2.8541,1.6519
SA2,206041123,North Melbourne,ALL,229,8.7388,7.5256,9.8473,13.6822,3.9663,28.3679,20398970000,5.8506,33.9004
SA2,206041124,Parkville,ALL,89,8.6467,7.5594,9.6656,16.8414,5.8264,27.1837,20400423000,6.3314,24.4071
SA2,206041125,South Yarra - West,ALL,95,7.053,5.9938,8.2677,18.6557,9.3944,28.149,20399990000,4.9841,29.6258
SA2,206041126,Southbank,ALL,98,7.2151,5.5391,9.0548,7.3406,0.4763,16.4788,20668140000,3.935,37.8455
SA2,206041127,West Melbourne,ALL,14,7.235,0.7734,11.3499,2.0989,0.018,4.4518,20675220000,-1.7678,0.0022
SA2,206051128,Albert Park,ALL,212,6.6008,5.6691,7.5085,12.9774,4.4122,21.1236,20631924050,3.1023,2.9135
SA2,206051129,Elwood,ALL,237,6.481,4.8483,8.1603,19.9844,10.3659,30.4734,20675630000,3.1621,5.9206
SA2,206051130,Port Melbourne,ALL,201,6.8038,5.7185,7.8495,11.8668,2.9316,22.4799,20532141000,-2.8065,0.7378
SA2,206051131,Port Melbourne Industrial,ALL,46,7.1604,5.4434,9.2762,5.0418,0.2353,9.8583,20399560000,-1.9021,0.0002
SA2,206051132,South Melbourne,ALL,223,8.3871,7.0138,9.726,12.3635,3.9745,23.033,20631956450,5.3407,33.1547
SA2,206051133,St Kilda,ALL,433,7.6302,6.3883,8.8414,14.9484,5.0606,26.057,20675520000,3.6326,3.0341
SA2,206051134,St Kilda East,ALL,258,8.0901,7.2767,8.8279,15.0133,6.0636,25.923,20524970000,6.3171,20.4199
SA2,206061135,Armadale,ALL,156,7.6202,6.9952,8.3964,16.5005,3.5634,25.2756,20547190000,6.0124,16.988
SA2,206061136,Prahran - Windsor,ALL,313,7.6939,6.9482,8.5104,14.1292,2.498,25.3273,20549660000,5.8964,58.2314
SA2,206061137,South Yarra - East,ALL,309,7.2591,6.2108,8.1939,17.1264,3.5256,30.2089,20668430000,3.6146,23.6341
SA2,206061138,Toorak,ALL,210,6.9158,5.9763,7.6897,22.8507,14.0508,31.5191,20720590000,4.5581,9.526
SA2,206071139,Abbotsford,ALL,110,7.8782,6.3498,9.248,11.7907,3.4966,21.4805,20639320000,4.429,35.2694
SA2,206071140,Carlton North - Princes Hill,ALL,113,8.7894,8.2865,9.4741,12.8156,6.567,20.6765,20668220000,5.3206,19.8586
SA2,206071141,Collingwood,ALL,123,8.7162,7.8803,9.4442,7.6446,1.427,15.7681,20637571000,6.8768,2.4409
SA2,206071142,Fitzroy,ALL,176,8.2297,7.3909,9.1166,10.7675,1.6366,20.2745,20639644000,5.9312,29.1032
SA2,206071143,Fitzroy North,ALL,179,8.2871,7.5684,9.1274,14.0152,5.7209,23.5308,20705140000,5.6627,22.8091
SA2,206071144,Richmond (Vic.),ALL,545,8.2437,7.1365,9.401,9.066,1.0355,17.8253,20645610000,3.3073,3.6197
SA2,206071145,Yarra - North,ALL,147,7.8052,5.6839,9.3833,16.3335,7.1648,33.504,20699300000,2.1818,33.9644
SA2,207011146,Ashburton (Vic.),ALL,103,7.8249,6.9022,8.5348,17.05,10.7044,22.2951,20065830000,5.2454,36.939
SA2,207011147,Balwyn,ALL,220,7.6104,6.8706,8.3727,19.1482,9.1879,26.2643,20060430000,5.6631,26.7425
SA2,207011148,Balwyn North,ALL,228,8.0349,7.185,8.8317,18.2437,12.8796,23.7129,20698350000,4.7704,43.483
SA2,207011149,Camberwell,ALL,275,7.4706,6.6387,8.2454,19.64,10.2892,27.9516,20631983730,6.0309,4.7202
SA2,207011150,Glen Iris - East,ALL,207,7.3279,6.565,8.0226,20.6027,12.4956,27.7677,20698940000,4.8766,47.0153
SA2,207011151,Hawthorn,ALL,331,7.4183,6.5311,8.2205,17.777,7.3749,26.7083,20067310000,4.2828,26.5735
SA2,207011152,Hawthorn East,ALL,206,7.5177,6.8173,8.3369,16.1544,4.9944,24.355,20070781000,3.0069,4.3285
SA2,207011153,Kew,ALL,342,7.544,6.6089,8.4392,19.3841,11.0647,29.0332,20699560000,3.5424,45.1329
SA2,207011154,Kew East,ALL,97,7.6356,6.7045,8.6799,20.3479,10.5642,32.243,20075180000,3.0228,35.9808
SA2,207011155,Surrey Hills (West) - Canterbury,ALL,221,6.8489,5.978,7.5968,22.4045,13.3088,30.7405,20065701000,5.0149,6.7354
SA2,207021156,Bulleen,ALL,145,8.5006,7.5327,9.4828,13.9593,7.7461,21.2017,20697980000,2.959,56.0742
SA2,207021157,Doncaster,ALL,257,8.5339,7.5694,9.4993,13.8095,7.9897,19.0122,20359350000,6.3865,31.3594
SA2,207021159,Templestowe,ALL,188,8.3222,7.1705,9.3669,18.7348,11.7483,28.5514,20361000000,5.3825,40.5479
SA2,207021160,Templestowe Lower,ALL,151,8.9043,8.2062,9.6361,15.7258,10.3947,20.9484,20688680000,5.1766,40.3147
SA2,207021424,Doncaster East (North),ALL,162,8.4855,7.8362,9.1857,17.353,10.5892,24.5894,20631911950,4.0225,59.753
SA2,207021425,Doncaster East (South),ALL,180,8.7272,8.1387,9.4462,13.3988,7.9311,18.0793,20369630000,5.3159,42.1252
SA2,207031161,Blackburn,ALL,280,7.6346,6.1928,8.7642,20.5982,9.7379,35.3095,20605970000,3.7746,50.9156
SA2,207031162,Blackburn South,ALL,115,8.1677,7.4255,8.723,17.4216,12.23,23.5931,20718910000,6.0958,48.5489
SA2,207031163,Box Hill,ALL,284,7.8788,7.0906,8.8407,16.3168,5.3032,24.3485,20593840000,4.7076,3.5363
SA2,207031164,Box Hill North,ALL,201,8.1897,7.5017,8.7643,17.8553,11.4355,24.9058,20594440000,6.1037,38.2408
SA2,207031165,Burwood,ALL,142,8.1138,7.3573,8.8891,14.0193,5.7946,19.0116,20589523000,4.4651,2.2905
SA2,207031166,Burwood East,ALL,116,8.5201,7.816,9.1866,13.5577,8.7501,17.9198,20601250000,3.777,1.8122
SA2,207031167,Surrey Hills (East) - Mont Albert,ALL,119,7.5797,6.9617,8.2629,21.4409,14.8732,27.2038,20587690000,6.0525,26.6674
SA2,208011168,Beaumaris,ALL,169,6.6116,4.5138,7.9898,18.986,12.6932,24.8636,20676500000,1.893,9.3626
SA2,208011169,Brighton (Vic.),ALL,331,7.2325,5.3562,8.5968,14.9152,3.9898,21.9279,20675950000,0.6177,0.577
SA2,208011170,Brighton East,ALL,177,8.37,7.7142,9.0336,16.5475,10.9322,20.8212,20043350000,7.0569,33.802
SA2,208011171,Cheltenham - Highett (West),ALL,151,8.3506,7.2918,9.2164,13.6845,4.8967,20.342,20052331000,5.4276,5.6233
SA2,208011172,Hampton,ALL,212,7.8414,6.3733,8.9775,14.4112,8.0083,19.9432,20052240000,2.7096,6.6927
SA2,208011173,Sandringham - Black Rock,ALL,237,6.3243,3.0457,7.9628,16.0844,7.706,22.7205,20052810000,0.7188,4.5763
SA2,208021174,Bentleigh - McKinnon,ALL,281,8.7276,8.1685,9.3579,10.4341,3.1597,14.7829,20194130000,6.579,46.9869
SA2,208021176,Carnegie,ALL,223,8.5307,7.75,9.3894,11.4291,6.2388,17.0511,20185120000,6.4165,21.2817
SA2,208021177,Caulfield - North,ALL,256,8.155,7.4945,8.8238,15.6089,9.0452,21.78,20631970050,5.7576,29.7117
SA2,208021178,Caulfield - South,ALL,215,8.7254,8.2769,9.2833,12.8141,8.0726,16.8888,20631997080,7.4476,5.271
SA2,208021179,Elsternwick,ALL,159,8.1831,7.3853,8.6761,14.416,6.5836,20.848,20631928880,5.3011,39.2795
SA2,208021180,Hughesdale,ALL,91,8.5474,7.9017,9.2891,11.6916,6.5995,15.5242,20426490000,7.3444,40.7915
SA2,208021181,Murrumbeena,ALL,113,8.4281,7.8499,9.0587,13.9369,8.7208,18.1177,20185620000,7.0341,9.07
SA2,208021182,Ormond - Glen Huntly,ALL,172,8.9848,8.2569,9.8548,12.7054,6.2034,18.5854,20190290000,7.2514,11.7184
SA2,208021426,Bentleigh East (North),ALL,156,9.1306,8.7004,9.5951,9.7009,6.5384,12.459,20197170000,7.1154,4.9744
SA2,208021427,Bentleigh East (South),ALL,139,9.0548,8.6498,9.6215,10.7573,7.3564,14.7919,20197730000,5.9852,19.3479
SA2,208031183,Aspendale Gardens - Waterways,ALL,91,9.7267,8.4406,10.6983,8.4669,4.569,12.6423,20676691000,3.9944,6.715
SA2,208031184,Braeside,ALL,33,9.2996,6.8742,10.8879,5.854,1.7327,11.6583,20309801000,6.668,6.2836
SA2,208031185,Carrum - Patterson Lakes,ALL,209,7.4818,4.8476,9.8512,7.8843,0.1458,14.1065,20677630000,1.073,0.1554
SA2,208031186,Chelsea - Bonbeach,ALL,241,8.6419,4.1307,10.5113,7.0548,1.0993,12.6645,20677710000,2.2843,1.9074
SA2,208031187,Chelsea Heights,ALL,65,9.8383,8.7672,10.8226,10.8314,6.6729,15.5127,20326100000,4.4559,7.1488
SA2,208031188,Cheltenham - Highett (East),ALL,308,10.0468,9.0727,10.9241,9.6409,2.7762,15.1205,20315881000,7.6302,0.9181
SA2,208031189,Edithvale - Aspendale,ALL,202,7.9325,3.5465,9.8809,7.4311,0.3857,13.0933,20677990000,2.4804,1.2015
SA2,208031190,Mentone,ALL,205,8.7674,7.1244,10.098,10.434,4.7447,15.2772,20631919460,2.9355,7.0164
SA2,208031191,Moorabbin - Heatherton,ALL,150,9.5409,8.7444,10.7085,8.8897,1.5083,15.4056,20310921000,6.8268,1.2637
SA2,208031192,Moorabbin Airport,ALL,2,11.3021,11.1876,11.4165,2.555,1.7078,3.4021,20319092000,11.159,3.6139
SA2,208031193,Mordialloc - Parkdale,ALL,296,8.7238,7.0716,10.039,10.0425,2.9996,15.5168,20676910000,2.6598,0.5211
SA2,208041194,Malvern - Glen Iris,ALL,319,7.8262,7.0304,8.5647,17.4213,7.0025,26.7676,20698900000,4.8668,41.0935
SA2,208041195,Malvern East,ALL,290,7.8769,7.0824,8.7702,17.5235,8.1552,27.0886,20698760000,5.4727,25.9583
SA2,209011196,Bundoora - East,ALL,105,9.212,8.6227,9.7781,11.1678,7.019,14.422,20024350000,7.4283,34.735
SA2,209011197,Greensborough,ALL,246,8.33,6.8206,9.4494,20.5233,11.6658,31.0538,20026081000,5.192,45.4313
SA2,209011198,Heidelberg - Rosanna,ALL,204,8.3096,7.4722,9.3675,17.5699,9.8369,26.367,20698000000,2.5175,51.2142
SA2,209011199,Heidelberg West,ALL,203,8.1881,7.5422,8.8917,13.6325,6.519,19.0881,20698020000,5.7534,8.7203
SA2,209011200,Ivanhoe,ALL,171,7.7473,6.7229,8.791,19.0678,9.7348,29.6397,20020900000,3.8463,44.0748
SA2,209011201,Ivanhoe East - Eaglemont,ALL,99,7.061,6.2928,7.8832,25.5278,17.0499,36.0164,20020910000,2.6064,54.4507
SA2,209011202,Montmorency - Briar Hill,ALL,201,7.8565,6.964,8.7109,25.2558,16.8915,33.8901,20688660000,5.0341,19.8573
SA2,209011203,Viewbank - Yallambie,ALL,219,8.6077,7.7095,9.4896,17.5273,11.012,27.8511,20693780000,4.4686,34.1851
SA2,209011204,Watsonia,ALL,108,9.0222,8.3413,9.6125,14.2299,9.251,18.9816,20023890000,7.345,8.7691
SA2,209021205,Kingsbury,ALL,96,8.7498,7.6973,9.472,14.2106,6.8578,22.1393,20155520000,5.3,55.0647
SA2,209021207,Reservoir - East,ALL,341,8.9819,8.4158,9.4653,9.1708,5.2715,13.0494,20155210000,6.9832,12.5944
SA2,209021208,Reservoir - West,ALL,304,8.7567,8.0809,9.4376,8.6866,4.0445,13.0024,20707080000,6.3353,19.3928
SA2,209021428,Preston - East,ALL,288,8.8259,8.1131,9.7714,8.1544,2.0632,13.1275,20152180000,6.4371,2.1264
SA2,209021429,Preston - West,ALL,151,8.5989,7.9188,9.3133,10.5501,5.8733,14.8481,20707030000,6.1847,12.3837
SA2,209031209,Eltham,ALL,263,7.0806,5.8315,8.2968,29.6971,19.3966,39.53,20513300000,3.181,31.9245
SA2,209031210,Hurstbridge,ALL,38,5.7816,4.693,6.8497,35.2404,22.4648,44.9021,20517040000,3.5227,53.0747
SA2,209031212,Panton Hill - St Andrews,ALL,18,4.8732,4.1411,5.7102,35.9717,20.7601,46.0209,20517570000,3.9786,48.7498
SA2,209031213,Plenty - Yarrambat,ALL,82,8.199,6.9367,9.7606,17.6687,9.4845,26.359,20517110000,4.7811,27.738
SA2,209031214,Research - North Warrandyte,ALL,71,4.8131,2.8343,6.5577,38.1066,25.395,50.3148,20719640000,1.8414,53.3557
SA2,209031215,Wattle Glen - Diamond Creek,ALL,143,7.5858,5.8684,8.968,22.5141,12.6037,34.8871,20514810000,3.8142,48.6942
SA2,209041216,Bundoora - North,ALL,69,9.2575,7.3442,10.4414,9.2117,4.1021,14.4495,20612086100,4.444,4.0878
SA2,209041217,Bundoora - West,ALL,88,8.9642,7.9273,9.6794,10.343,5.3368,16.3302,20611970000,6.4607,6.3372
SA2,209041219,Lalor,ALL,253,9.3767,8.6168,10.346,5.2678,2.3615,8.2174,20632004360,7.3236,2.9201
SA2,209041220,Mill Park - North,ALL,187,9.0068,8.6031,9.5984,9.3473,5.4959,12.9446,20609920000,4.7807,12.016
SA2,209041221,Mill Park - South,ALL,129,9.2495,8.599,9.7755,9.9106,5.7519,14.6471,20717030000,5.9703,19.1402
SA2,209041223,Thomastown,ALL,279,9.2527,8.4332,10.0804,5.3172,2.4325,8.7643,20617671000,4.9419,2.2263
SA2,209041224,Wallan,ALL,120,6.5705,5.2887,7.8251,7.4099,0.7887,17.8732,20631958700,3.7535,12.313
SA2,209041225,Whittlesea,ALL,67,8.6815,7.5718,10.17,10.4766,3.2462,17.7672,20607170000,5.6451,19.4183
SA2,209041430,Doreen,ALL,210,10.0792,8.251,11.5359,7.2062,1.8066,13.8991,20608699000,5.46,5.5924
SA2,209041431,Epping - East,ALL,128,8.9963,8.0806,9.8204,7.8643,3.7528,11.5079,20619020000,6.9781,20.9025
SA2,209041432,Epping - South,ALL,132,9.2251,8.121,10.0976,7.3689,2.7288,11.9911,20608623000,6.3611,2.7222
SA2,209041433,Epping - West,ALL,121,9.5315,8.5332,10.2783,5.3658,1.3038,9.3596,20631947940,7.2283,5.9927
SA2,209041434,Mernda,ALL,174,10.3791,8.7463,11.5962,6.2191,1.0805,12.2779,20607600000,5.3527,19.1677
SA2,209041435,South Morang (North),ALL,114,9.8823,8.7591,10.8719,7.658,3.2297,13.6758,20608530000,6.5095,20.6609
SA2,209041436,South Morang (South),ALL,129,9.4236,8.0678,10.6843,9.0634,3.9207,12.7983,20631918530,4.6213,1.647
SA2,209041437,Wollert,ALL,89,10.038,9.1594,10.6753,1.8435,0.1692,3.8928,20631903600,7.8133,0.6764
SA2,210011226,Airport West,ALL,126,9.9039,9.2228,10.5908,7.1854,1.3548,11.1522,20456753000,7.9273,3.0413
SA2,210011227,Essendon Airport,ALL,1,11.2197,11.2197,11.2197,1.3777,1.3777,1.3777,20456931000,11.2197,1.3777
SA2,210011228,Keilor,ALL,152,9.6992,8.1336,10.7845,10.4234,2.1729,19.8103,20300931000,5.1973,2.6038
SA2,210011229,Keilor East,ALL,316,10.1044,9.315,10.757,8.1046,3.8292,13.8914,20700490000,6.07,13.8113
SA2,210011230,Niddrie - Essendon West,ALL,92,9.7426,8.9205,10.4565,9.3277,3.2655,15.5995,20715300000,6.9195,12.4013
SA2,210011231,Strathmore,ALL,123,9.9174,8.9426,11.1078,13.1749,6.7638,20.0051,20451150000,7.8233,14.6259
SA2,210031236,Coburg North,ALL,153,9.0802,8.0362,10.3633,9.8836,1.6015,18.6721,20470891000,5.8312,1.1636
SA2,210031237,Fawkner,ALL,150,9.3733,8.8509,9.9874,7.3671,4.5237,9.8095,20714860000,7.2903,31.5511
SA2,210031239,Pascoe Vale,ALL,283,9.3742,8.8655,9.9801,10.562,5.2809,15.485,20469160000,7.5271,18.3757
SA2,210031438,Glenroy,ALL,253,9.6372,9.1784,10.3786,8.4173,4.1256,12.7822,20473740000,6.9929,6.1858
SA2,210031439,Gowanbrae,ALL,26,10.9101,10.4644,11.4028,5.5393,2.7301,8.7945,20714900000,9.6977,8.4839
SA2,210031440,Hadfield,ALL,69,9.5312,9.2857,10.0556,6.7828,3.7653,10.2727,20472390000,7.6795,10.9078
SA2,210041240,Sunbury,ALL,127,8.4134,7.2338,9.3933,13.9358,5.2191,21.3443,20303930000,5.3137,14.2313
SA2,210041241,Sunbury - South,ALL,320,9.271,8.2845,10.4898,9.6619,2.913,16.2975,20303602000,6.9361,35.6365
SA2,210051242,Broadmeadows,ALL,141,9.2155,8.5841,9.9348,8.4147,4.8679,11.8876,20295162000,6.8077,9.089
SA2,210051243,Campbellfield - Coolaroo,ALL,243,9.2184,8.247,10.2216,5.6046,1.6088,9.801,20294912000,3.9905,4.2082
SA2,210051245,Gladstone Park - Westmeadows,ALL,203,9.9935,9.0785,10.6529,9.2332,4.3232,14.0207,20295942000,7.207,12.1803
SA2,210051246,Greenvale - Bulla,ALL,160,9.3527,8.5294,10.2033,7.8215,1.0401,14.4397,20714150000,7.1181,4.3577
SA2,210051247,Meadow Heights,ALL,135,9.6047,9.1883,10.1651,6.8323,3.5019,10.9829,20714010000,7.6536,17.4632
SA2,210051248,Melbourne Airport,ALL,3,11.0995,10.3693,11.8199,3.4102,1.1094,5.2695,20301021000,10.1806,4.5141
SA2,210051249,Roxburgh Park - Somerton,ALL,179,9.3939,8.5316,9.9616,6.964,2.2009,11.6067,20296330000,4.8856,2.3625
SA2,210051250,Tullamarine,ALL,94,9.8899,9.0315,10.6937,6.9985,2.8134,11.4673,20290270000,7.6982,5.1585
SA2,210051441,Craigieburn - Central,ALL,73,8.4723,7.9238,8.8772,7.7148,5.2903,10.4723,20631952610,7.5543,11.2599
SA2,210051442,Craigieburn - North,ALL,96,8.7608,7.791,9.6122,6.9463,3.2606,12.2102,20300681500,7.0753,9.2179
SA2,210051443,Craigieburn - South,ALL,150,8.7904,7.7411,9.8016,7.1046,1.9449,10.2869,20714190000,5.8231,9.8052
SA2,210051444,Craigieburn - West,ALL,119,9.2014,8.3253,9.8684,2.6477,0.498,5.626,20631973150,5.7606,4.5009
SA2,210051445,Mickleham - Yuroke,ALL,9,8.9999,8.5968,9.5356,2.3531,0.6484,4.6474,20301030000,8.2541,1.8662
SA2,211011251,Bayswater,ALL,167,8.0057,7.1399,8.9798,11.5659,3.7209,17.2928,20328541000,2.5066,6.8195
SA2,211011254,Knoxfield - Scoresby,ALL,177,7.8801,6.6583,9.0653,12.3158,3.6224,18.8051,20338040000,1.0689,10.7163
SA2,211011255,Lysterfield,ALL,55,7.3886,6.8414,8.0897,16.032,9.4317,21.732,20341260000,2.8485,55.4636
SA2,211011256,Rowville - Central,ALL,142,7.9238,7.1341,8.7116,12.3963,8.0525,16.5107,20631985740,3.127,8.6587
SA2,211011257,Rowville - North,ALL,76,7.8452,5.9052,8.9778,11.1194,6.2139,16.1163,20339620000,2.3058,18.4851
SA2,211011258,Rowville - South,ALL,99,8.1383,6.0501,9.2906,13.7321,6.7613,21.7489,20341240000,2.5513,18.5364
SA2,211011259,Wantirna,ALL,145,8.033,7.1281,8.8415,15.2085,10.1093,19.7894,20337333000,4.3904,39.1066
SA2,211011260,Wantirna South,ALL,177,8.2516,7.4047,9.0998,13.0102,7.9776,17.4631,20336732000,4.2187,31.4135
SA2,211011446,Boronia,ALL,283,7.1646,5.8209,8.3067,18.1636,9.0327,29.9368,20333610000,1.7528,38.5202
SA2,211011447,Ferntree Gully (North),ALL,171,6.7446,4.9368,8.1161,18.5287,10.3939,29.0962,20333600000,1.7598,34.7168
SA2,211011448,Ferntree Gully (South) - Upper Ferntree Gully,ALL,186,7.0028,5.0197,8.249,16.5131,7.4183,26.2304,20332560000,1.4097,54.16
SA2,211011449,The Basin,ALL,47,4.3629,1.7273,6.3523,35.5265,20.6121,51.931,20631990990,0.433,53.6751
SA2,211021261,Donvale - Park Orchards,ALL,189,6.4844,4.0851,8.6953,27.0545,13.4975,43.2464,20357260000,2.7314,55.9793
SA2,211021262,Warrandyte - Wonga Park,ALL,110,5.3846,3.866,6.7828,33.4215,20.7152,43.3054,20719890000,2.3614,27.6543
SA2,211031263,Bayswater North,ALL,156,7.0103,5.7735,8.214,18.7811,7.6394,28.7052,20386960000,3.4457,43.0454
SA2,211031265,Croydon Hills - Warranwood,ALL,190,6.8048,5.2538,7.996,24.9208,15.3561,38.6924,20386490000,3.7527,50.8505
SA2,211031266,Ringwood,ALL,262,7.5235,6.2501,8.9433,15.5284,6.1787,23.0898,20390370000,4.7561,3.9813
SA2,211031267,Ringwood East,ALL,247,6.7576,5.551,7.7598,22.6013,14.5414,32.3233,20384710000,4.1614,37.8154
SA2,211031268,Ringwood North,ALL,105,6.4507,5.2288,7.6041,24.6321,14.603,37.6612,20389420000,4.1264,56.8523
SA2,211031450,Croydon - East,ALL,204,7.2855,6.3167,8.48,19.0108,8.5106,26.2976,20386090000,4.7876,36.6028
SA2,211031451,Croydon - West,ALL,155,7.1005,5.6566,8.2899,19.7821,8.9123,28.5406,20386940000,4.3717,36.4626
SA2,211031452,Croydon South,ALL,57,6.6317,5.7254,7.427,21.2455,13.5388,29.1095,20383430000,4.6311,37.899
SA2,211041269,Forest Hill,ALL,118,8.0281,7.2481,8.7109,16.7356,10.977,24.2299,20595790000,6.2294,31.1959
SA2,211041270,Mitcham (Vic.),ALL,214,7.7165,6.2124,9.0071,20.1835,9.6897,30.1965,20631992670,3.6989,45.6638
SA2,211041271,Nunawading,ALL,149,7.9269,7.1502,8.6841,16.4334,5.4599,24.8233,20599221000,5.6823,1.0092
SA2,211041272,Vermont,ALL,117,7.6182,6.6706,8.6086,19.6363,11.0934,28.8214,20598500000,4.0999,47.982
SA2,211041273,Vermont South,ALL,123,8.1987,6.9982,9.2355,17.0415,11.1655,25.62,20599460000,3.1907,30.8062
SA2,211051274,Belgrave - Selby,ALL,62,4.9515,3.2856,6.5788,44.8735,32.0177,56.854,20650462000,1.2943,47.5909
SA2,211051275,Chirnside Park,ALL,96,7.4994,6.6928,8.3576,14.4665,7.2268,20.0258,20656413000,4.9527,8.3453
SA2,211051276,Healesville - Yarra Glen,ALL,141,4.8502,2.6085,6.9244,28.1479,12.518,48.4657,20659900000,1.1755,25.6943
SA2,211051277,Kilsyth,ALL,104,6.7015,5.7714,7.4389,19.3514,11.4137,27.907,20658020000,3.7576,23.1028
SA2,211051278,Lilydale - Coldstream,ALL,211,7.0487,5.0141,8.5261,18.3226,7.3856,31.3575,20657170000,1.6425,19.1859
SA2,211051279,Monbulk - Silvan,ALL,38,5.3851,3.7393,6.9922,32.1277,18.5019,44.2248,20661900000,1.7128,50.5433
SA2,211051280,Montrose,ALL,68,4.7128,3.0016,6.1455,34.751,22.684,45.9072,20658490000,1.9566,47.4185
SA2,211051281,Mooroolbark,ALL,240,6.9989,5.879,8.2221,18.6147,10.7949,27.3267,20631933950,2.8123,42.4415
SA2,211051282,Mount Dandenong - Olinda,ALL,5,0.1788,-0.5768,1.4458,54.3052,47.1333,61.428,20651170000,-0.6071,61.9786
SA2,211051283,Mount Evelyn,ALL,97,5.3688,3.829,6.9684,36.4025,20.4689,51.472,20711940000,1.8604,69.3717
SA2,211051284,Upwey - Tecoma,ALL,104,4.652,2.6347,6.8242,43.9722,31.4905,55.1028,20648600000,0.8547,48.7136
SA2,211051285,Wandin - Seville,ALL,52,6.733,5.0212,8.2545,25.1252,16.6195,36.1323,20661350000,3.6627,24.075
SA2,211051286,Yarra Valley,ALL,166,4.4996,0.9722,8.781,32.9489,17.0281,50.4698,20647734000,-3.0492,34.1667
SA2,212011287,Beaconsfield - Officer,ALL,139,11.3619,8.6747,14.1844,8.5142,1.1569,18.8202,20703080000,4.6005,56.3155
SA2,212011288,Bunyip - Garfield,ALL,78,6.8584,4.9473,8.5305,13.3571,4.4425,25.7794,20101511000,3.9766,10.4084
SA2,212011289,Emerald - Cockatoo,ALL,165,4.3446,2.3734,6.8683,44.3073,25.0081,60.1054,20101820000,0.9462,43.2483
SA2,212011290,Koo Wee Rup,ALL,41,9.9764,8.7708,11.7174,6.652,0.1605,11.5655,20631963290,8.4579,3.7154
SA2,212011291,Pakenham - North,ALL,169,11.8382,10.4626,13.2958,7.4404,1.2046,13.247,20105180000,5.9958,15.2519
SA2,212011292,Pakenham - South,ALL,321,11.7384,9.9244,13.3185,6.3264,0.8123,12.1316,20631921330,5.2034,2.4829
SA2,212021293,Berwick - North,ALL,283,10.9232,9.5207,12.1448,15.3493,7.9369,23.4406,20115730000,6.0883,19.2267
SA2,212021294,Berwick - South,ALL,238,12.5474,11.0788,14.0491,9.1714,3.4266,14.4985,20631956200,6.6848,0.8067
SA2,212021295,Doveton,ALL,140,8.1873,7.478,8.7835,10.4553,5.9625,17.1192,20704020000,5.0975,23.0716
SA2,212021297,Hallam,ALL,127,9.1242,8.1723,10.2101,8.4606,2.9391,14.6688,20124271000,5.1954,3.4509
SA2,212021299,Narre Warren North,ALL,89,8.0104,5.8172,10.2485,15.6071,7.5991,26.9075,20123570000,2.8662,54.2899
SA2,212021453,Endeavour Hills - North,ALL,127,7.8927,5.3926,9.1685,12.9557,7.2959,21.6212,20703570000,3.5092,32.034
SA2,212021454,Endeavour Hills - South,ALL,151,8.694,7.8164,9.6339,11.2534,6.9011,17.1025,20703640000,3.7204,10.6736
SA2,212021455,Narre Warren - North East,ALL,133,11.4662,10.2565,12.2685,9.8307,6.7076,12.994,20125320000,7.8593,3.383
SA2,212021456,Narre Warren - South West,ALL,168,11.0445,8.872,12.514,10.8975,4.3168,16.0726,20704060000,6.2893,10.7023
SA2,212031300,Cranbourne,ALL,251,11.6658,9.2553,13.7787,10.0567,3.2338,15.6391,20632003910,6.0409,23.1221
SA2,212031301,Cranbourne East,ALL,208,13.8462,12.5921,15.0063,3.5907,0.784,6.8482,20631998330,9.2246,1.7293
SA2,212031302,Cranbourne North,ALL,178,12.4148,8.8785,14.9054,7.4837,1.8134,14.394,20121300000,7.305,19.9096
SA2,212031303,Cranbourne South,ALL,56,9.9628,8.5692,12.1972,8.7773,2.1141,16.2897,20632003180,5.4076,17.1067
SA2,212031304,Cranbourne West,ALL,134,10.3847,9.1955,11.7454,4.9093,0.9264,9.7799,20631926570,6.6501,5.3664
SA2,212031305,Hampton Park - Lynbrook,ALL,243,9.4595,8.5019,10.6818,8.7424,4.1965,13.2266,20121550000,5.3273,3.3
SA2,212031306,Lynbrook - Lyndhurst,ALL,120,10.2251,9.1603,11.4757,6.3122,1.6975,12.1329,20631901180,6.2287,0.7234
SA2,212031308,Pearcedale - Tooradin,ALL,73,7.9399,5.6773,10.2835,17.5131,5.7585,30.2776,20128340000,2.7575,0.0448
SA2,212031457,Narre Warren South (East),ALL,117,12.89,11.0525,14.2658,10.1436,5.029,16.0736,20114841000,7.1557,1.7709
SA2,212031458,Narre Warren South (West),ALL,138,12.4844,9.8826,14.0485,8.6192,4.8138,14.7986,20111200000,8.1923,17.4066
SA2,212041309,Clarinda - Oakleigh South,ALL,129,9.9181,9.1771,10.6761,8.3475,4.3599,13.0272,20319420000,6.7187,19.8122
SA2,212041310,Clayton South,ALL,159,9.7067,9.0659,10.5503,7.1326,2.9651,9.9458,20317530000,5.8406,45.9691
SA2,212041311,Dandenong,ALL,502,9.2019,8.0106,10.4271,7.2721,1.8936,13.2585,20631943960,0.9939,4.1175
SA2,212041312,Dandenong North,ALL,257,8.616,8.0926,9.2069,9.2355,5.5214,13.0948,20711360000,4.4118,20.9178
SA2,212041313,Dingley Village,ALL,119,9.7668,8.864,10.4043,13.0228,8.1172,18.2871,20676740000,7.084,24.7672
SA2,212041314,Keysborough,ALL,280,9.9829,8.9529,11.2311,6.8077,0.9404,10.8758,20631994350,5.6247,3.432
SA2,212041316,Noble Park North,ALL,83,8.5517,7.8775,9.2975,8.999,6.7917,11.4896,20224100000,5.8393,9.5243
SA2,212041317,Springvale,ALL,249,9.271,8.374,10.1906,7.5068,4.0434,11.5549,20234080000,5.4354,28.0584
SA2,212041318,Springvale South,ALL,124,9.8747,9.3415,10.4421,8.7516,4.8548,13.0643,20687020000,7.9782,33.3125
SA2,212041459,Noble Park - East,ALL,153,8.8709,8.1163,9.4209,10.8472,6.2457,16.6869,20223210000,6.7199,35.9413
SA2,212041460,Noble Park - West,ALL,204,9.4718,8.9915,10.0977,8.1348,4.58,11.065,20224993000,7.8095,13.7778
SA2,212051319,Ashwood - Chadstone,ALL,227,8.4108,7.617,9.2164,13.0192,7.425,18.1083,20426090000,5.5905,41.012
SA2,212051320,Clayton,ALL,233,9.0019,8.0876,9.7473,9.6587,4.6076,15.4608,20443610000,4.8842,1.0133
SA2,212051321,Glen Waverley - East,ALL,213,8.2665,7.5914,8.9633,15.5672,10.4874,20.1022,20434530000,3.0358,20.8315
SA2,212051322,Glen Waverley - West,ALL,240,8.2226,7.409,8.9951,14.8433,8.9942,20.4634,20705970000,5.9335,54.4949
SA2,212051323,Mount Waverley - North,ALL,180,8.0414,7.2474,8.8091,16.9461,11.2212,22.8313,20705820000,5.2884,44.8774
SA2,212051324,Mount Waverley - South,ALL,256,8.1231,7.0932,9.0507,14.7123,7.5848,22.2105,20442920000,4.5001,56.5025
SA2,212051325,Mulgrave,ALL,223,8.6922,8.0237,9.2909,11.0406,5.4361,15.7801,20435350000,4.4538,20.7063
SA2,212051326,Oakleigh - Huntingdale,ALL,313,8.6855,7.8364,9.5688,10.5251,3.6884,16.7428,20631943030,6.0736,13.738
SA2,212051327,Wheelers Hill,ALL,203,8.253,7.5799,8.9965,15.9067,9.6663,23.5823,20435120000,4.1123,33.9692
SA2,213011328,Ardeer - Albion,ALL,101,10.4822,9.8017,11.3743,8.385,4.6464,14.0052,20700870000,8.7102,9.8404
SA2,213011329,Cairnlea,ALL,102,11.5667,10.0421,12.2794,7.4737,2.9272,13.7678,20700800000,8.2124,7.8956
SA2,213011330,Deer Park - Derrimut,ALL,289,11.0967,9.8701,12.5625,5.2686,1.4244,9.1902,20631923010,1.898,1.4776
SA2,213011331,Delahey,ALL,89,11.4093,10.9797,12.015,5.2474,2.0786,8.4789,20080820000,9.9643,3.4461
SA2,213011332,Keilor Downs,ALL,156,10.8133,10.3324,11.386,7.5266,3.7012,11.8438,20079490000,9.4027,9.7854
SA2,213011333,Kings Park (Vic.),ALL,144,10.9672,10.5132,11.6364,5.5001,2.5523,7.5592,20082670000,9.0731,7.5908
SA2,213011334,St Albans - North,ALL,220,10.611,10.145,11.1941,6.6101,3.7183,9.4525,20075910000,9.5551,5.2154
SA2,213011335,St Albans - South,ALL,182,10.9468,10.371,11.721,5.362,2.8115,7.9076,20089450000,9.7666,4.0076
SA2,213011336,Sunshine,ALL,135,10.0886,9.0346,11.1642,9.0583,3.2725,14.9439,20089981000,7.9163,4.2152
SA2,213011337,Sunshine North,ALL,183,10.6285,10.0251,11.418,4.9817,0.6797,8.4819,20093373000,7.0128,36.9218
SA2,213011338,Sunshine West,ALL,207,10.234,9.3356,11.2125,6.7007,2.6883,10.3871,20092274000,4.3717,2.0572
SA2,213011339,Sydenham,ALL,122,11.574,11.0646,12.1081,5.5484,3.0394,8.2269,20631978730,10.9507,8.0027
SA2,213011340,Taylors Lakes,ALL,174,10.7136,10.0922,11.1966,7.4222,3.9378,11.6295,20079740000,6.6,16.1862
SA2,213021341,Altona,ALL,209,7.4124,5.9853,8.5651,8.527,3.3839,12.9697,20276230000,-1.094,0.3022
SA2,213021342,Altona Meadows,ALL,222,9.4518,8.4044,10.4373,6.0499,2.6586,9.6653,20689840000,4.0298,0.0908
SA2,213021343,Altona North,ALL,182,8.9081,7.9994,9.781,7.585,4.0387,12.0796,20669820000,4.1116,8.2637
SA2,213021344,Newport,ALL,262,7.5884,6.1923,9.1295,10.4005,4.6474,15.4883,20285920000,-0.9612,0.0011
SA2,213021345,Seabrook,ALL,64,9.6219,7.7306,10.6535,9.0086,4.3174,17.1733,20670060000,5.9468,4.3781
SA2,213021346,Williamstown,ALL,264,6.1566,4.5007,7.5031,9.8653,2.1036,18.4102,20669400000,2.7304,3.4022
SA2,213031347,Braybrook,ALL,219,9.9317,8.9325,10.8471,8.1054,3.8516,11.9409,20631967390,4.7076,2.8356
SA2,213031348,Footscray,ALL,258,9.5405,8.4321,10.714,8.2305,2.5744,14.1207,20668260000,6.339,14.1806
SA2,213031349,Maribyrnong,ALL,147,10.0717,8.632,11.2652,9.4324,4.3234,15.8969,20631989030,4.4666,3.1602
SA2,213031350,Seddon - Kingsville,ALL,115,8.1634,6.9149,9.2929,9.3637,4.074,13.515,20374910000,6.7182,8.5453
SA2,213031351,West Footscray - Tottenham,ALL,154,9.6648,8.8599,10.5254,8.6927,3.3033,12.91,20377268000,7.4157,2.5153
SA2,213031352,Yarraville,ALL,203,8.3981,7.3385,9.4685,10.7553,5.7686,16.1805,20377290000,6.5129,26.8064
SA2,213041355,Hillside,ALL,201,10.3024,9.471,11.2812,4.7741,0.5835,9.3182,20403230000,8.3106,1.6405
SA2,213041356,Melton,ALL,240,10.9353,9.7517,12.0734,7.9464,1.8951,14.0555,20631912720,8.3325,3.4093
SA2,213041357,Melton South,ALL,261,11.0699,9.6221,12.7164,5.4901,0.5881,9.9273,20631936590,8.1494,7.8009
SA2,213041358,Melton West,ALL,191,11.449,10.3165,12.8475,4.8779,0.5539,10.0812,20631989700,9.1355,14.9503
SA2,213041359,Rockbank - Mount Cottrell,ALL,25,10.3786,8.5163,11.7371,2.9786,0.5404,6.4851,20632001660,7.9749,0.3238
SA2,213041360,Taylors Hill,ALL,160,10.8002,9.4831,12.0403,4.9473,1.7176,7.8652,20631921560,7.661,2.3136
SA2,213041461,Burnside,ALL,48,11.3482,10.2685,12.1553,5.3949,1.7413,7.9199,20701140000,8.9521,12.8114
SA2,213041462,Burnside Heights,ALL,46,11.716,10.8618,12.5481,4.748,2.4981,7.9809,20631949040,9.1173,11.6301
SA2,213041463,Caroline Springs,ALL,194,9.4542,7.8325,11.3593,6.7514,2.6581,10.2669,20631951360,5.2487,2.932
SA2,213051361,Hoppers Crossing - North,ALL,221,9.5526,7.2163,11.2052,6.4737,3.0373,9.8951,20626360000,6.2673,4.0199
SA2,213051362,Hoppers Crossing - South,ALL,212,8.3855,7.4073,10.8738,7.6722,5.0304,10.5557,20628570000,5.8337,1.5248
SA2,213051363,Laverton,ALL,140,10.3796,9.2303,11.7304,5.0812,0.7014,9.872,20630613000,7.5251,0.4929
SA2,213051365,Tarneit,ALL,288,8.8948,8.0432,9.7015,3.3427,0.5656,6.234,20631810000,5.8244,11.8753
SA2,213051366,Truganina,ALL,209,11.4417,9.8999,12.4014,2.3743,0.4801,5.3695,20631848300,7.7141,7.0255
SA2,213051368,Werribee - South,ALL,166,7.1195,5.0927,8.3502,9.732,2.9968,15.7158,20712210000,2.7651,47.1008
SA2,213051369,Wyndham Vale,ALL,228,8.94,7.8236,9.7492,4.9353,0.882,9.4906,20631999210,6.5518,5.2606
SA2,213051464,Point Cook - East,ALL,149,8.6761,4.6304,10.9345,3.1158,0.0892,8.5368,20690180000,1.1628,0.008
SA2,213051465,Point Cook - North,ALL,204,11.0284,10.1325,11.8788,5.2806,2.404,8.102,20690090000,6.9154,18.9285
SA2,213051466,Point Cook - South,ALL,116,11.1685,10.1158,11.9392,2.8503,0.6875,5.3858,20631953630,7.4726,3.9758
SA2,213051467,Werribee - East,ALL,212,7.634,6.9158,8.4002,8.2852,4.4943,12.8036,20631984370,3.8948,24.2096
SA2,213051468,Werribee - West,ALL,137,8.066,7.068,8.8791,9.484,3.2796,15.4001,20635610000,3.7238,22.2598
SA2,214011370,Carrum Downs,ALL,254,9.5037,8.5422,10.8493,9.5201,2.6913,15.2168,20179616000,2.0465,4.6458
SA2,214011371,Frankston,ALL,394,8.0154,6.7519,9.1854,14.8585,4.8481,22.1172,20667930000,1.9479,2.8715
SA2,214011372,Frankston North,ALL,263,8.7314,8.0935,9.4162,15.1445,8.992,20.0531,20678370000,5.332,21.0781
SA2,214011373,Frankston South,ALL,221,6.4697,4.6138,8.1443,22.5743,12.843,33.8415,20678490000,-0.841,0.0287
SA2,214011374,Langwarrin,ALL,263,8.166,5.8535,9.5487,17.8098,8.5267,33.0389,20167490000,3.285,41.0505
SA2,214011375,Seaford (Vic.),ALL,345,7.7802,4.9785,9.6455,13.0348,6.2194,18.4045,20667280000,1.9257,16.762
SA2,214011376,Skye - Sandhurst,ALL,131,9.9959,8.3744,11.1147,8.6513,3.0206,15.1877,20167200000,6.4654,4.4599
SA2,214021377,Dromana,ALL,276,4.7961,1.5324,6.8072,16.0511,4.3214,31.5344,20678950000,-1.7255,0.0
SA2,214021378,Flinders,ALL,90,1.315,-0.0404,2.4844,34.0086,15.7409,54.7224,20678690000,-1.5588,55.2076
SA2,214021379,Hastings - Somers,ALL,363,4.9036,2.0664,7.6162,23.415,7.1567,41.2179,20666560000,-1.0402,58.9405
SA2,214021380,Mornington,ALL,393,7.2697,5.4852,8.6565,12.5494,4.578,21.3579,20666250000,0.0377,9.6198
SA2,214021381,Mount Eliza,ALL,242,5.8276,4.1415,8.071,22.7858,10.2831,33.7684,20678570000,0.0985,4.4847
SA2,214021382,Mount Martha,ALL,300,5.1472,0.8162,8.7075,19.7492,5.2784,34.411,20665950000,-2.1365,1.7189
SA2,214021383,Point Nepean,ALL,723,3.2135,0.3727,5.4982,22.6621,10.3298,33.5142,20485780000,-7.4353,29.8191
SA2,214021384,Rosebud - McCrae,ALL,440,5.2093,3.0506,6.8587,18.9647,7.832,33.5352,20631986480,-1.6083,9.9636
SA2,214021385,Somerville,ALL,198,6.2901,4.0918,7.7556,15.8352,5.7144,27.4334,20479130000,1.5522,45.5701
METRO,METRO,Metropolitan Melbourne,RESIDENTIAL,42472,8.6089,6.5074,10.7877,13.0024,4.3441,23.472,20485780000,-7.4353,29.8191
LGA,Banyule (C),Banyule (C),RESIDENTIAL,1288,8.3273,7.2602,9.3263,18.1406,10.4262,28.0903,20020890000,4.3709,47.0551
LGA,Bayside (C),Bayside (C),RESIDENTIAL,1002,7.6647,6.2244,8.8802,16.5069,11.5148,21.9271,20050160000,4.4675,7.7289
LGA,Boroondara (C),Boroondara (C),RESIDENTIAL,1774,7.5266,6.729,8.3192,19.0484,12.6823,25.7829,20074940000,4.0003,34.1011
LGA,Brimbank (C),Brimbank (C),RESIDENTIAL,1703,10.8208,10.0121,11.8048,6.265,3.2201,9.8162,20093373000,7.0128,36.9218
LGA,Cardinia (S),Cardinia (S),RESIDENTIAL,737,10.3995,4.6984,13.3041,13.388,1.0771,42.4709,20102444000,1.4096,53.938
LGA,Casey (C),Casey (C),RESIDENTIAL,2460,11.0913,8.496,13.9991,9.2046,2.7137,15.6801,20128870000,4.7909,16.8864
LGA,Darebin (C),Darebin (C),RESIDENTIAL,1559,8.4962,7.5312,9.2758,10.5725,5.6234,16.3304,20140710000,5.9323,30.6556
LGA,Frankston (C),Frankston (C),RESIDENTIAL,1460,8.5383,6.8994,10.166,14.844,7.4443,22.3935,20178820000,3.2896,24.1459
LGA,Glen Eira (C),Glen Eira (C),RESIDENTIAL,1532,8.6422,7.9448,9.373,12.6255,7.8648,18.0,20631970050,5.7576,29.7117
LGA,Greater Dandenong (C),Greater Dandenong (C),RESIDENTIAL,1417,9.3286,8.4417,10.2833,7.8784,4.4338,11.4486,20631956750,6.1486,15.3236
LGA,Hobsons Bay (C),Hobsons Bay (C),RESIDENTIAL,899,8.2267,6.1087,10.0977,8.7164,4.5055,13.313,20282620000,3.8228,27.8076
LGA,Hume (C),Hume (C),RESIDENTIAL,1587,9.2943,8.3733,10.1675,7.6255,2.4832,12.6783,20631973150,5.7606,4.5009
LGA,Kingston (C) (Vic.),Kingston (C) (Vic.),RESIDENTIAL,1658,9.4495,8.1875,10.4747,9.9872,5.2818,14.5538,20326270000,5.4478,9.5743
LGA,Knox (C),Knox (C),RESIDENTIAL,1405,7.6382,6.2074,8.827,15.4248,8.8838,23.4078,20330730000,1.4665,46.2543
LGA,Manningham (C),Manningham (C),RESIDENTIAL,1127,8.1992,5.8278,9.3671,17.2014,9.992,31.1532,20357440000,3.0988,48.5848
LGA,Maribyrnong (C),Maribyrnong (C),RESIDENTIAL,856,9.2906,7.6252,10.6706,9.3474,5.1257,14.0399,20631967390,4.7076,2.8356
LGA,Maroondah (C),Maroondah (C),RESIDENTIAL,1148,7.0259,5.9273,8.0891,20.3733,12.431,28.7433,20386490000,3.7527,50.8505
LGA,Melbourne (C),Melbourne (C),RESIDENTIAL,671,8.0281,6.2177,9.5528,14.4297,3.1633,25.2668,20393800000,2.8541,1.6519
LGA,Melton (C),Melton (C),RESIDENTIAL,1159,10.7816,9.4087,12.1472,5.4572,0.9469,9.6821,20631998020,5.4198,2.1239
LGA,Mitchell (S),Mitchell (S),RESIDENTIAL,101,6.5871,5.2893,7.8249,7.6398,0.8118,17.8269,20631997280,4.7694,18.2901
LGA,Monash (C),Monash (C),RESIDENTIAL,1772,8.4785,7.7182,9.2451,13.2237,8.2006,19.1022,20443610000,4.8842,1.0133
LGA,Moonee Valley (C),Moonee Valley (C),RESIDENTIAL,1188,9.6309,8.7901,10.4575,10.3493,4.9936,16.1024,20452160000,5.2839,9.3176
LGA,Moreland (C),Moreland (C),RESIDENTIAL,1646,9.1789,8.409,9.8512,8.9863,4.8299,13.9134,20631954400,5.576,13.7755
LGA,Mornington Peninsula (S),Mornington Peninsula (S),RESIDENTIAL,2229,5.3495,2.6865,8.0759,20.3496,8.7278,33.1721,20485780000,-7.4353,29.8191
LGA,Nillumbik (S),Nillumbik (S),RESIDENTIAL,453,7.1862,5.5001,8.6649,27.5055,14.6434,40.6279,20513810000,2.9275,40.4157
LGA,Port Phillip (C),Port Phillip (C),RESIDENTIAL,1188,7.3257,5.9923,8.6142,15.8083,7.2518,25.959,20532160000,3.3561,13.1891
LGA,Stonnington (C),Stonnington (C),RESIDENTIAL,1222,7.5244,6.6143,8.3838,19.2171,10.6352,28.7704,20548370000,5.0345,28.6234
LGA,Whitehorse (C),Whitehorse (C),RESIDENTIAL,1616,7.9852,7.0838,8.7994,17.5984,11.2413,25.5034,20605790000,4.9166,40.0687
LGA,Whittlesea (C),Whittlesea (C),RESIDENTIAL,1780,9.5945,8.6479,10.7912,6.668,2.1904,11.3719,20608699000,5.46,5.5924
LGA,Wyndham (C),Wyndham (C),RESIDENTIAL,1887,9.3924,7.5345,11.682,5.2564,1.0858,9.4961,20632290000,3.7525,3.9603
LGA,Yarra (C),Yarra (C),RESIDENTIAL,864,8.2078,7.3133,9.1751,12.1846,5.2132,20.0658,20639430000,4.2274,36.631
LGA,Yarra Ranges (S),Yarra Ranges (S),RESIDENTIAL,1084,6.0259,3.5266,8.0127,27.3272,12.7962,47.4017,20662072000,-0.2966,55.6174
SA3,20601,Brunswick - Coburg,RESIDENTIAL,890,8.9468,8.3036,9.5942,9.7601,5.258,14.7385,20631954400,5.576,13.7755
SA3,20602,Darebin - South,RESIDENTIAL,600,8.0507,7.2369,8.8561,12.6945,7.3234,19.8099,20140710000,5.9323,30.6556
SA3,20603,Essendon,RESIDENTIAL,693,9.327,8.5524,10.1358,11.9958,6.4856,17.8785,20452160000,5.2839,9.3176
SA3,20604,Melbourne City,RESIDENTIAL,668,8.0381,6.2274,9.5607,14.472,3.2757,25.3271,20393800000,2.8541,1.6519
SA3,20605,Port Phillip,RESIDENTIAL,1191,7.3219,5.9849,8.6135,15.7811,7.2289,25.9582,20532160000,3.3561,13.1891
SA3,20606,Stonnington - West,RESIDENTIAL,752,7.305,6.3763,8.1292,19.794,10.2918,30.0116,20548370000,5.0345,28.6234
SA3,20607,Yarra,RESIDENTIAL,874,8.2068,7.3088,9.1751,12.2103,5.2132,20.1191,20639430000,4.2274,36.631
SA3,20701,Boroondara,RESIDENTIAL,1774,7.5266,6.729,8.3192,19.0484,12.6823,25.7829,20074940000,4.0003,34.1011
SA3,20702,Manningham - West,RESIDENTIAL,891,8.6954,7.9229,9.4616,14.2446,9.4567,19.5808,20361000000,5.3825,40.5479
SA3,20703,Whitehorse - West,RESIDENTIAL,1024,8.0253,7.1549,8.8076,17.3343,10.775,25.2613,20605790000,4.9166,40.0687
SA3,20801,Bayside,RESIDENTIAL,1002,7.6647,6.2244,8.8802,16.5069,11.5148,21.9271,20050160000,4.4675,7.7289
SA3,20802,Glen Eira,RESIDENTIAL,1617,8.6369,7.9448,9.3685,12.5652,7.8561,17.8399,20631970050,5.7576,29.7117
SA3,20803,Kingston,RESIDENTIAL,1312,9.3446,7.9683,10.4911,10.2119,5.4351,14.6461,20326270000,5.4478,9.5743
SA3,20804,Stonnington - East,RESIDENTIAL,470,7.8754,7.165,8.6023,18.294,11.3641,26.2159,20552830000,5.5352,20.3391
SA3,20901,Banyule,RESIDENTIAL,1288,8.3273,7.2602,9.3263,18.1406,10.4262,28.0903,20020890000,4.3709,47.0551
SA3,20902,Darebin - North,RESIDENTIAL,959,8.775,8.1628,9.361,9.2448,5.2361,13.2488,20631933980,6.0708,38.4346
SA3,20903,Nillumbik - Kinglake,RESIDENTIAL,453,7.1862,5.5001,8.6649,27.5055,14.6434,40.6279,20513810000,2.9275,40.4157
SA3,20904,Whittlesea - Wallan,RESIDENTIAL,1881,9.433,8.3444,10.7374,6.7202,2.025,11.6395,20631997280,4.7694,18.2901
SA3,21001,Keilor,RESIDENTIAL,573,10.0543,9.3047,10.6247,8.4986,4.4833,14.0387,20454000000,8.3211,13.3248
SA3,21003,Moreland - North,RESIDENTIAL,746,9.4701,8.8968,10.1938,7.9902,4.5222,12.0805,20631994450,7.4335,17.0666
SA3,21004,Sunbury,RESIDENTIAL,363,9.0693,8.1543,10.1707,10.3594,3.7851,17.375,20301580000,6.9501,20.6523
SA3,21005,Tullamarine - Broadmeadows,RESIDENTIAL,1248,9.3723,8.5448,10.1765,6.8239,2.2164,11.3162,20631973150,5.7606,4.5009
SA3,21101,Knox,RESIDENTIAL,1405,7.6382,6.2074,8.827,15.4248,8.8838,23.4078,20330730000,1.4665,46.2543
SA3,21102,Manningham - East,RESIDENTIAL,236,6.2966,4.1681,8.6127,28.4375,13.961,42.4987,20357440000,3.0988,48.5848
SA3,21103,Maroondah,RESIDENTIAL,1143,7.0224,5.9225,8.0859,20.3902,12.4986,28.7646,20386490000,3.7527,50.8505
SA3,21104,Whitehorse - East,RESIDENTIAL,600,7.9168,6.9837,8.7905,18.0447,11.8179,25.8576,20596190000,5.1827,41.9397
SA3,21105,Yarra Ranges,RESIDENTIAL,1079,6.0314,3.5374,8.0169,27.2865,12.8328,47.3592,20662072000,-0.2966,55.6174
SA3,21201,Cardinia,RESIDENTIAL,739,10.3801,4.6511,13.3032,13.4975,1.0781,43.3088,20102444000,1.4096,53.938
SA3,21202,Casey - North,RESIDENTIAL,1147,10.476,8.1658,12.7608,10.8523,5.8273,17.1999,20124440000,5.0269,19.9298
SA3,21203,Casey - South,RESIDENTIAL,1313,11.6288,9.0488,14.3786,7.7652,1.9302,13.8804,20128870000,4.7909,16.8864
SA3,21204,Dandenong,RESIDENTIAL,1763,9.4304,8.4917,10.377,8.125,4.5111,12.2814,20631956750,6.1486,15.3236
SA3,21205,Monash,RESIDENTIAL,1687,8.4753,7.6994,9.2458,13.3116,8.2269,19.2284,20443610000,4.8842,1.0133
SA3,21301,Brimbank,RESIDENTIAL,1625,10.8582,10.0742,11.849,6.0194,3.1835,9.3558,20093373000,7.0128,36.9218
SA3,21302,Hobsons Bay,RESIDENTIAL,852,8.1514,6.0476,10.1013,8.7193,4.4468,13.3194,20282620000,3.8228,27.8076
SA3,21303,Maribyrnong,RESIDENTIAL,856,9.2906,7.6252,10.6706,9.3474,5.1257,14.0399,20631967390,4.7076,2.8356
SA3,21304,Melton - Bacchus Marsh,RESIDENTIAL,1135,10.7992,9.407,12.1501,5.4184,0.9414,9.6678,20631998020,5.4198,2.1239
SA3,21305,Wyndham,RESIDENTIAL,1934,9.3972,7.5402,11.6733,5.3392,1.1003,9.5896,20632290000,3.7525,3.9603
SA3,21401,Frankston,RESIDENTIAL,1460,8.5383,6.8994,10.166,14.844,7.4443,22.3935,20178820000,3.2896,24.1459
SA3,21402,Mornington Peninsula,RESIDENTIAL,2229,5.3495,2.6865,8.0759,20.3496,8.7278,33.1721,20485780000,-7.4353,29.8191
SA2,206011105,Brunswick,RESIDENTIAL,263,8.8119,8.1456,9.5173,9.8663,5.0149,14.4421,20631954400,5.576,13.7755
SA2,206011106,Brunswick East,RESIDENTIAL,114,8.7697,8.0489,9.4579,10.084,4.2355,16.5635,20631965930,6.5066,35.5438
SA2,206011107,Brunswick West,RESIDENTIAL,167,9.0937,8.478,9.7551,10.136,5.4284,15.7704,20460970000,7.8247,12.02
SA2,206011108,Coburg,RESIDENTIAL,257,9.0369,8.3847,9.5946,9.4666,5.4469,14.2986,20471422000,7.1526,15.2612
SA2,206011109,Pascoe Vale South,RESIDENTIAL,89,9.0359,8.4705,9.4616,9.1733,5.5036,12.5007,20471040000,7.6501,30.005
SA2,206021110,Alphington - Fairfield,RESIDENTIAL,101,7.6878,7.0297,8.5023,16.53,10.4908,24.541,20144650000,6.2673,27.8673
SA2,206021111,Northcote,RESIDENTIAL,282,7.9238,7.2119,8.7075,12.6417,5.9103,19.7883,20140710000,5.9323,30.6556
SA2,206021112,Thornbury,RESIDENTIAL,217,8.3846,7.7581,8.9274,10.9781,7.3391,15.2247,20139732000,7.097,16.4296
SA2,206031113,Ascot Vale,RESIDENTIAL,147,9.3201,8.5667,10.1885,11.7974,6.5722,17.0463,20452160000,5.2839,9.3176
SA2,206031114,Essendon - Aberfeldie,RESIDENTIAL,293,9.4868,8.8423,10.2347,10.762,6.299,15.4842,20631941700,7.0075,3.5495
SA2,206031115,Flemington,RESIDENTIAL,99,8.6388,7.347,9.5319,18.384,8.2754,30.6443,20450811000,6.0753,34.4581
SA2,206031116,Moonee Ponds,RESIDENTIAL,154,9.4722,8.7989,10.115,10.4256,6.6191,15.0631,20444061000,8.1699,1.9665
SA2,206041117,Carlton,RESIDENTIAL,107,8.3946,7.3626,9.3648,11.6032,3.105,19.0732,20631957110,6.5582,8.6615
SA2,206041118,Docklands,RESIDENTIAL,24,5.4353,4.1829,6.9345,6.9692,2.1798,11.792,20631983440,3.3161,1.191
SA2,206041119,East Melbourne,RESIDENTIAL,61,7.8575,6.7962,8.6816,17.5472,10.8887,25.7769,20401190000,5.8836,19.581
SA2,206041121,Kensington (Vic.),RESIDENTIAL,121,9.1579,8.2438,10.4218,16.5025,9.423,23.8854,20397130000,7.4427,10.0797
SA2,206041122,Melbourne,RESIDENTIAL,48,6.9667,5.756,8.5318,5.0835,0.0274,12.943,20393800000,2.8541,1.6519
SA2,206041123,North Melbourne,RESIDENTIAL,122,8.4553,7.3659,9.6584,16.79,4.2748,30.8008,20631899930,6.1022,34.2331
SA2,206041124,Parkville,RESIDENTIAL,55,8.7408,7.7657,9.7297,16.6995,8.9319,24.1765,20397730000,6.9423,32.2495
SA2,206041125,South Yarra - West,RESIDENTIAL,83,7.0149,6.0651,8.2152,19.411,10.0954,28.4592,20400680000,5.0828,40.0246
SA2,206041126,Southbank,RESIDENTIAL,47,6.9032,5.4244,8.5917,7.8584,0.5263,18.3716,20395240000,4.6799,10.8967
SA2,206051128,Albert Park,RESIDENTIAL,160,6.7882,6.0333,7.4575,13.819,7.1736,21.1333,20528910000,5.5934,28.4476
SA2,206051129,Elwood,RESIDENTIAL,208,6.6144,4.9749,8.2122,20.6893,12.5866,30.1329,20521580000,4.0761,38.2717
SA2,206051130,Port Melbourne,RESIDENTIAL,147,6.868,5.9166,7.7663,10.699,2.9903,16.9694,20532160000,3.3561,13.1891
SA2,206051131,Port Melbourne Industrial,RESIDENTIAL,3,5.8024,5.2785,6.2641,5.0142,3.2789,6.6617,20400531000,5.1086,7.0187
SA2,206051132,South Melbourne,RESIDENTIAL,103,7.8242,6.7312,9.0263,15.9094,8.4341,25.0202,20631956450,5.3407,33.1547
SA2,206051133,St Kilda,RESIDENTIAL,346,7.5749,6.407,8.7564,16.03,6.811,26.4761,20521710000,5.7613,20.846
SA2,206051134,St Kilda East,RESIDENTIAL,224,8.0563,7.2856,8.7637,15.6609,8.1066,24.6576,20524970000,6.3171,20.4199
SA2,206061135,Armadale,RESIDENTIAL,117,7.5412,7.072,8.1432,19.17,11.99,25.2554,20544420000,6.1002,32.216
SA2,206061136,Prahran - Windsor,RESIDENTIAL,234,7.5889,6.902,8.421,16.0302,7.3913,25.6504,20631988020,5.9292,36.1521
SA2,206061137,South Yarra - East,RESIDENTIAL,212,7.2164,6.3077,8.0432,20.3536,10.6352,30.7108,20549270000,5.1934,10.738
SA2,206061138,Toorak,RESIDENTIAL,189,6.9067,6.0188,7.656,24.2125,16.5942,31.9659,20548370000,5.0345,28.6234
SA2,206071139,Abbotsford,RESIDENTIAL,67,7.7204,6.4421,8.8682,12.3741,5.2246,20.206,20631982020,4.5367,10.3321
SA2,206071140,Carlton North - Princes Hill,RESIDENTIAL,99,8.8227,8.3774,9.4794,12.05,6.8275,18.2697,20636750000,7.5876,13.4785
SA2,206071141,Collingwood,RESIDENTIAL,68,8.5937,7.8145,9.3278,9.4868,2.9375,18.6752,20640892000,7.1685,0.2155
SA2,206071142,Fitzroy,RESIDENTIAL,106,8.0781,7.3202,8.8106,13.613,5.9473,23.6778,20639644000,5.9312,29.1032
SA2,206071143,Fitzroy North,RESIDENTIAL,132,8.2506,7.5791,8.9118,13.4632,7.6662,19.9691,20639810000,6.3844,22.9943
SA2,206071144,Richmond (Vic.),RESIDENTIAL,302,8.155,7.3847,9.0151,10.8319,4.8124,17.659,20645951000,5.409,15.6094
SA2,206071145,Yarra - North,RESIDENTIAL,100,7.8947,6.722,9.1204,15.1329,7.4812,25.885,20639430000,4.2274,36.631
SA2,207011146,Ashburton (Vic.),RESIDENTIAL,81,7.8536,7.2065,8.3708,17.5333,13.1532,21.7615,20061690000,6.2504,26.0654
SA2,207011147,Balwyn,RESIDENTIAL,181,7.6301,6.9973,8.3097,18.3602,12.231,24.8426,20060430000,5.6631,26.7425
SA2,207011148,Balwyn North,RESIDENTIAL,191,8.0125,7.2528,8.7032,17.5242,13.3847,21.5507,20057570000,6.5624,20.1619
SA2,207011149,Camberwell,RESIDENTIAL,220,7.4729,6.808,8.1802,20.441,14.3363,27.1436,20065130000,6.1136,30.1024
SA2,207011150,Glen Iris - East,RESIDENTIAL,160,7.4655,6.9099,8.0318,19.1262,14.355,23.5129,20061640000,6.4194,21.5379
SA2,207011151,Hawthorn,RESIDENTIAL,273,7.4255,6.7172,8.1755,18.2589,9.5614,26.561,20067310000,4.2828,26.5735
SA2,207011152,Hawthorn East,RESIDENTIAL,160,7.4004,6.7662,8.0576,18.2758,12.2805,24.9572,20070782000,5.6983,22.8655
SA2,207011153,Kew,RESIDENTIAL,270,7.628,6.81,8.3177,18.8329,12.207,25.9747,20074940000,4.0003,34.1011
SA2,207011154,Kew East,RESIDENTIAL,66,7.8887,7.1884,8.682,18.723,14.357,24.029,20073120000,5.7367,25.5425
SA2,207011155,Surrey Hills (West) - Canterbury,RESIDENTIAL,172,6.8294,6.03,7.5399,22.7602,17.1122,28.4477,20060182000,5.1903,20.0962
SA2,207021156,Bulleen,RESIDENTIAL,111,8.8402,8.2829,9.4908,11.4068,8.0245,15.2003,20366020000,7.2605,18.9088
SA2,207021157,Doncaster,RESIDENTIAL,205,8.5906,7.7087,9.4845,13.4787,9.2759,17.4247,20631966380,7.0738,5.281
SA2,207021159,Templestowe,RESIDENTIAL,156,8.424,7.3577,9.371,17.6421,11.7093,24.4432,20361000000,5.3825,40.5479
SA2,207021160,Templestowe Lower,RESIDENTIAL,133,8.9522,8.3268,9.6205,15.0415,10.8692,20.4112,20359500000,7.8043,29.1118
SA2,207021424,Doncaster East (North),RESIDENTIAL,133,8.7224,8.3095,9.2087,14.573,10.6021,19.045,20368310000,7.4405,25.5696
SA2,207021425,Doncaster East (South),RESIDENTIAL,153,8.761,8.2187,9.3583,12.8871,8.804,17.1234,20363590000,6.7078,17.1917
SA2,207031161,Blackburn,RESIDENTIAL,222,7.6869,6.2691,8.7514,20.6236,12.3705,32.6115,20605790000,4.9166,40.0687
SA2,207031162,Blackburn South,RESIDENTIAL,103,8.2618,7.5908,8.7391,16.1523,12.2294,20.2742,20604710000,6.5963,31.6951
SA2,207031163,Box Hill,RESIDENTIAL,215,7.8987,7.2615,8.6489,17.284,10.5588,23.6902,20592040000,6.4494,22.8268
SA2,207031164,Box Hill North,RESIDENTIAL,172,8.286,7.715,8.7786,16.5237,11.402,22.4843,20594480000,6.9788,27.8726
SA2,207031165,Burwood,RESIDENTIAL,112,8.2183,7.5816,8.8046,14.0689,10.4004,18.4412,20631932890,6.208,17.2825
SA2,207031166,Burwood East,RESIDENTIAL,96,8.6472,8.1194,9.1718,11.9645,8.8064,15.8096,20604010000,6.9707,10.595
SA2,207031167,Surrey Hills (East) - Mont Albert,RESIDENTIAL,104,7.5621,6.9984,8.2233,21.4019,16.2276,26.7719,20587690000,6.0525,26.6674
SA2,208011168,Beaumaris,RESIDENTIAL,128,6.9944,5.9093,8.3232,19.3401,14.084,24.5332,20049420000,4.6855,23.9087
SA2,208011169,Brighton (Vic.),RESIDENTIAL,251,7.5244,6.2562,8.51,17.2094,12.4975,22.5217,20045230000,4.6273,25.8053
SA2,208011170,Brighton East,RESIDENTIAL,161,8.3517,7.7128,8.986,15.8919,11.3422,19.829,20042720000,7.1781,22.5885
SA2,208011171,Cheltenham - Highett (West),RESIDENTIAL,117,8.5327,7.7283,9.2218,14.3772,9.4257,19.091,20053411000,6.1808,9.9703
SA2,208011172,Hampton,RESIDENTIAL,169,7.973,6.5487,8.9645,15.0769,10.9805,19.9019,20631966580,5.5946,8.9201
SA2,208011173,Sandringham - Black Rock,RESIDENTIAL,176,6.8507,5.6952,7.9847,16.7963,11.3977,22.3869,20050160000,4.4675,7.7289
SA2,208021174,Bentleigh - McKinnon,RESIDENTIAL,239,8.7144,8.1918,9.3258,11.0071,7.0735,14.7031,20194913000,7.6862,1.4768
SA2,208021176,Carnegie,RESIDENTIAL,208,8.5376,7.7856,9.3881,11.7537,7.108,17.1701,20185120000,6.4165,21.2817
SA2,208021177,Caulfield - North,RESIDENTIAL,229,8.1546,7.5449,8.8027,16.1652,10.7799,22.0044,20631970050,5.7576,29.7117
SA2,208021178,Caulfield - South,RESIDENTIAL,196,8.7081,8.2918,9.2224,13.2674,9.4305,17.0108,20631997080,7.4476,5.271
SA2,208021179,Elsternwick,RESIDENTIAL,137,8.1807,7.4114,8.6572,15.0744,10.3032,20.751,20184530000,6.9821,29.8521
SA2,208021180,Hughesdale,RESIDENTIAL,85,8.5418,7.9353,9.23,11.4794,7.7433,14.9436,20425121000,7.3883,16.89
SA2,208021181,Murrumbeena,RESIDENTIAL,98,8.4922,8.0528,9.0689,12.9313,9.1753,16.6725,20188200000,7.5095,26.4871
SA2,208021182,Ormond - Glen Huntly,RESIDENTIAL,156,9.0136,8.2579,9.9046,12.0669,6.426,18.0254,20631938410,7.5483,6.4295
SA2,208021426,Bentleigh East (North),RESIDENTIAL,141,9.0863,8.7171,9.4975,9.8311,7.5359,12.4336,20197170000,7.1154,4.9744
SA2,208021427,Bentleigh East (South),RESIDENTIAL,128,9.1158,8.6791,9.6362,10.6518,7.353,13.7557,20197920000,7.7222,13.1462
SA2,208031183,Aspendale Gardens - Waterways,RESIDENTIAL,77,9.8867,8.7103,10.6333,9.1773,5.9573,12.7244,20309720000,7.9164,6.1436
SA2,208031185,Carrum - Patterson Lakes,RESIDENTIAL,131,8.5445,6.877,10.0461,11.1436,7.1984,15.7026,20320740000,5.5869,9.3778
SA2,208031186,Chelsea - Bonbeach,RESIDENTIAL,185,9.4867,8.1012,10.5261,8.134,3.5751,12.8903,20326270000,5.4478,9.5743
SA2,208031187,Chelsea Heights,RESIDENTIAL,50,10.1378,9.3641,10.7779,11.0496,7.836,14.3602,20325330000,8.7361,9.6662
SA2,208031188,Cheltenham - Highett (East),RESIDENTIAL,247,10.0386,9.1752,10.8771,10.6056,6.5462,15.0374,20631930310,8.5056,19.1807
SA2,208031189,Edithvale - Aspendale,RESIDENTIAL,138,9.0537,8.0644,9.9274,8.921,4.5736,12.9745,20325820000,7.1461,5.8278
SA2,208031190,Mentone,RESIDENTIAL,170,9.0195,7.3849,10.1293,10.7133,5.7155,15.0637,20309560000,6.4816,12.8539
SA2,208031191,Moorabbin - Heatherton,RESIDENTIAL,88,9.5086,8.8955,10.2501,11.3627,7.2131,15.378,20316830000,8.4868,19.2101
SA2,208031193,Mordialloc - Parkdale,RESIDENTIAL,226,8.9316,7.5872,9.8987,11.0725,6.2184,15.5739,20308840000,6.368,7.3126
SA2,208041194,Malvern - Glen Iris,RESIDENTIAL,244,7.8533,7.1479,8.5018,18.5305,11.1576,25.8979,20555640000,6.285,30.5538
SA2,208041195,Malvern East,RESIDENTIAL,226,7.8993,7.1902,8.645,18.0386,11.5008,26.3547,20552830000,5.5352,20.3391
SA2,209011196,Bundoora - East,RESIDENTIAL,91,9.3162,8.7958,9.7961,10.3297,7.1435,13.65,20029771000,8.0842,6.3276
SA2,209011197,Greensborough,RESIDENTIAL,202,8.3804,6.9041,9.3834,20.1913,12.4624,29.4099,20026081000,5.192,45.4313
SA2,209011198,Heidelberg - Rosanna,RESIDENTIAL,162,8.3849,7.7817,9.244,16.7368,10.8194,22.221,20631918380,6.5166,15.1678
SA2,209011199,Heidelberg West,RESIDENTIAL,157,8.1694,7.7519,8.6029,13.8669,10.0772,18.2866,20020680000,7.2812,10.0048
SA2,209011200,Ivanhoe,RESIDENTIAL,133,7.7717,7.0289,8.647,18.3738,11.1797,26.7219,20020890000,4.3709,47.0551
SA2,209011201,Ivanhoe East - Eaglemont,RESIDENTIAL,82,7.2479,6.6582,7.7704,24.5759,19.5645,31.5076,20018060000,6.1047,36.3374
SA2,209011202,Montmorency - Briar Hill,RESIDENTIAL,178,7.911,7.2002,8.639,25.8517,17.57,33.851,20028190000,5.8248,30.3862
SA2,209011203,Viewbank - Yallambie,RESIDENTIAL,187,8.7736,8.119,9.502,16.4553,11.0905,24.0244,20021030000,6.8564,27.4636
SA2,209011204,Watsonia,RESIDENTIAL,96,9.0341,8.544,9.556,13.7529,9.8649,18.2686,20026260000,7.8433,13.6765
SA2,209021205,Kingsbury,RESIDENTIAL,80,8.8705,8.1053,9.4994,13.2293,6.9485,20.1626,20631933980,6.0708,38.4346
SA2,209021207,Reservoir - East,RESIDENTIAL,290,8.9474,8.4591,9.4031,8.9904,5.6201,12.2841,20155210000,6.9832,12.5944
SA2,209021208,Reservoir - West,RESIDENTIAL,252,8.7037,8.1334,9.3059,8.0621,4.8917,11.7021,20146630000,7.1827,9.2494
SA2,209021428,Preston - East,RESIDENTIAL,202,8.6867,8.1537,9.2556,9.0846,4.6669,13.0647,20631925380,7.2269,13.2854
SA2,209021429,Preston - West,RESIDENTIAL,135,8.6132,7.9722,9.2847,9.8774,5.9129,13.277,20151670000,7.0251,17.3487
SA2,209031209,Eltham,RESIDENTIAL,207,7.1447,6.1284,8.1783,30.3621,20.3531,39.2791,20512160000,4.3707,39.5534
SA2,209031210,Hurstbridge,RESIDENTIAL,25,6.0091,4.7727,6.8652,36.0205,24.7311,42.9213,20517250000,4.5462,50.4057
SA2,209031212,Panton Hill - St Andrews,RESIDENTIAL,5,4.9714,4.4134,5.6325,36.9588,30.6306,44.1971,20517270000,4.3746,43.5867
SA2,209031213,Plenty - Yarrambat,RESIDENTIAL,63,8.2841,7.0451,9.5572,16.1896,9.2838,24.4566,20515230000,6.1001,26.6299
SA2,209031214,Research - North Warrandyte,RESIDENTIAL,42,5.0126,3.653,6.544,38.4103,27.0634,48.8881,20513810000,2.9275,40.4157
SA2,209031215,Wattle Glen - Diamond Creek,RESIDENTIAL,111,7.8275,6.5974,9.0443,22.1313,12.9024,32.333,20514810000,3.8142,48.6942
SA2,209041216,Bundoora - North,RESIDENTIAL,57,9.5451,8.4088,10.4996,8.1905,4.1121,12.5252,20631925620,5.7885,12.4568
SA2,209041217,Bundoora - West,RESIDENTIAL,68,9.0179,8.2659,9.5865,8.7665,5.5086,12.6517,20631901670,7.6459,4.3336
SA2,209041219,Lalor,RESIDENTIAL,213,9.3246,8.6523,10.2534,5.0226,2.7422,7.5003,20632004360,7.3236,2.9201
SA2,209041220,Mill Park - North,RESIDENTIAL,168,9.0688,8.6356,9.5752,8.6794,5.649,12.1277,20611901000,8.0667,25.328
SA2,209041221,Mill Park - South,RESIDENTIAL,114,9.346,8.8214,9.7802,9.7644,6.2517,13.4063,20609260000,8.2958,11.7965
SA2,209041223,Thomastown,RESIDENTIAL,190,9.2466,8.7998,9.8148,5.1174,3.1638,7.2583,20615250000,7.5851,4.5172
SA2,209041224,Wallan,RESIDENTIAL,101,6.5871,5.2893,7.8249,7.6398,0.8118,17.8269,20631997280,4.7694,18.2901
SA2,209041225,Whittlesea,RESIDENTIAL,49,8.9272,7.8849,10.2383,9.9541,3.0276,16.9591,20631990650,6.4116,2.3427
SA2,209041430,Doreen,RESIDENTIAL,183,10.3202,9.0147,11.6066,6.7053,1.7269,13.0497,20608699000,5.46,5.5924
SA2,209041431,Epping - East,RESIDENTIAL,111,9.0583,8.2929,9.8085,6.9802,3.7012,9.9715,20613600000,7.2104,17.9493
SA2,209041432,Epping - South,RESIDENTIAL,80,9.3126,8.7471,9.8637,7.2999,4.1169,11.0054,20614760000,7.7552,12.2454
SA2,209041433,Epping - West,RESIDENTIAL,100,9.6453,8.6532,10.326,5.0862,1.3187,9.0317,20631981700,7.5728,0.4439
SA2,209041434,Mernda,RESIDENTIAL,154,10.6264,9.4953,11.6308,5.6236,1.0537,10.797,20631945930,6.8339,20.2161
SA2,209041435,South Morang (North),RESIDENTIAL,99,10.0476,9.0434,10.9106,7.1661,3.2189,12.3015,20608804600,7.9939,7.1146
SA2,209041436,South Morang (South),RESIDENTIAL,112,9.7155,8.8981,10.7253,8.1378,4.0612,11.8115,20608862000,7.3073,18.8902
SA2,209041437,Wollert,RESIDENTIAL,82,10.1041,9.3575,10.7213,1.507,0.14,3.1753,20631903600,7.8133,0.6764
SA2,210011226,Airport West,RESIDENTIAL,79,9.9529,9.3793,10.4964,6.1627,3.6107,9.6691,20453430000,8.9153,8.1249
SA2,210011228,Keilor,RESIDENTIAL,78,10.0426,9.3426,10.7174,11.3825,5.9089,18.1578,20075750000,8.581,16.3098
SA2,210011229,Keilor East,RESIDENTIAL,256,10.2063,9.7144,10.7176,7.2391,4.1643,10.7859,20454000000,8.3211,13.3248
SA2,210011230,Niddrie - Essendon West,RESIDENTIAL,74,9.8301,9.0449,10.4615,8.8669,5.2476,14.3019,20456220000,8.5114,23.9723
SA2,210011231,Strathmore,RESIDENTIAL,86,9.8988,9.0974,10.6294,11.4612,7.8718,15.139,20446990000,8.4915,14.1424
SA2,210031236,Coburg North,RESIDENTIAL,79,8.9509,8.1958,9.5196,9.4043,3.4939,13.7688,20631994450,7.4335,17.0666
SA2,210031237,Fawkner,RESIDENTIAL,126,9.3738,8.8955,9.8085,6.7798,4.6712,9.0,20473490000,8.2136,18.3343
SA2,210031239,Pascoe Vale,RESIDENTIAL,245,9.4155,8.9698,9.9963,8.8628,5.3543,12.8344,20470650000,8.1886,17.6817
SA2,210031438,Glenroy,RESIDENTIAL,211,9.5906,9.2217,10.2592,8.016,4.9108,11.0249,20631962200,8.4407,6.6227
SA2,210031439,Gowanbrae,RESIDENTIAL,24,10.9392,10.4719,11.381,5.5875,2.8052,8.8785,20476690000,10.356,11.0065
SA2,210031440,Hadfield,RESIDENTIAL,61,9.5659,9.2905,9.9481,6.0106,3.7696,8.0554,20631928660,8.8351,9.0013
SA2,210041240,Sunbury,RESIDENTIAL,99,8.5043,7.3787,9.3611,12.9527,5.5764,20.5657,20301580000,6.9501,20.6523
SA2,210041241,Sunbury - South,RESIDENTIAL,264,9.2811,8.3541,10.3426,9.387,3.0814,14.8253,20301890000,7.7435,14.0069
SA2,210051242,Broadmeadows,RESIDENTIAL,104,9.2594,8.7226,9.7591,8.5086,5.595,11.8706,20289430000,7.8033,17.8769
SA2,210051243,Campbellfield - Coolaroo,RESIDENTIAL,134,9.3792,8.803,9.8869,6.4876,3.3782,9.7106,20631912450,7.8124,3.7254
SA2,210051245,Gladstone Park - Westmeadows,RESIDENTIAL,159,9.9713,9.2346,10.5348,8.4858,5.3243,12.1877,20291670000,8.5424,29.2284
SA2,210051246,Greenvale - Bulla,RESIDENTIAL,136,9.4054,8.7019,10.1969,7.4594,1.0366,14.1244,20631987340,7.6203,6.1008
SA2,210051247,Meadow Heights,RESIDENTIAL,106,9.5665,9.1978,10.0248,6.5297,3.7968,9.9987,20293330000,8.7301,6.3552
SA2,210051249,Roxburgh Park - Somerton,RESIDENTIAL,154,9.5096,9.0076,9.9486,6.9908,2.6265,11.2111,20298611000,7.2151,6.134
SA2,210051250,Tullamarine,RESIDENTIAL,68,10.0229,9.3755,10.6158,7.0803,3.9881,10.7304,20290390000,8.9676,12.7775
SA2,210051441,Craigieburn - Central,RESIDENTIAL,67,8.448,7.9086,8.8132,7.7683,5.3198,10.82,20631952610,7.5543,11.2599
SA2,210051442,Craigieburn - North,RESIDENTIAL,82,8.8418,7.8991,9.6294,6.7279,3.2696,11.8736,20631936370,7.5007,10.0571
SA2,210051443,Craigieburn - South,RESIDENTIAL,125,8.976,8.2905,9.8291,6.1911,1.8166,9.5009,20300198000,7.494,6.7442
SA2,210051444,Craigieburn - West,RESIDENTIAL,109,9.1913,8.3103,9.8652,2.7247,0.5917,5.9797,20631973150,5.7606,4.5009
SA2,210051445,Mickleham - Yuroke,RESIDENTIAL,4,9.3367,8.9825,9.6284,1.27,0.8765,1.7515,20631966900,8.833,1.2357
SA2,211011251,Bayswater,RESIDENTIAL,117,7.8653,7.3006,8.5494,13.5085,9.5043,17.2928,20331170000,5.6305,16.6151
SA2,211011254,Knoxfield - Scoresby,RESIDENTIAL,138,8.2449,7.5426,9.1216,12.4396,5.572,18.4745,20631994260,6.4307,12.6785
SA2,211011255,Lysterfield,RESIDENTIAL,50,7.5438,7.0131,8.073,15.4087,9.9344,20.7239,20341282000,5.758,8.1387
SA2,211011256,Rowville - Central,RESIDENTIAL,123,8.1093,7.4498,8.6644,12.0889,8.2607,15.3747,20340810000,5.4188,19.6787
SA2,211011257,Rowville - North,RESIDENTIAL,60,8.3807,7.6902,9.0137,10.2718,6.3193,14.7189,20339020000,6.9637,9.8388
SA2,211011258,Rowville - South,RESIDENTIAL,83,8.5556,7.4287,9.35,11.9055,6.2367,18.9941,20339500000,5.8042,17.1114
SA2,211011259,Wantirna,RESIDENTIAL,121,8.1816,7.514,8.7555,14.3707,10.4915,17.8574,20336800000,6.0675,40.1104
SA2,211011260,Wantirna South,RESIDENTIAL,152,8.382,7.7621,9.094,12.2362,7.9886,15.9629,20334800000,5.7347,31.0855
SA2,211011446,Boronia,RESIDENTIAL,239,7.085,5.8925,8.0656,18.7473,10.3585,29.1189,20333610000,1.7528,38.5202
SA2,211011447,Ferntree Gully (North),RESIDENTIAL,142,6.7326,4.9749,8.0896,18.6068,10.6652,29.0667,20333600000,1.7598,34.7168
SA2,211011448,Ferntree Gully (South) - Upper Ferntree Gully,RESIDENTIAL,140,7.0633,5.1726,8.1382,17.1327,9.724,25.0902,20330981000,1.9548,47.8459
SA2,211011449,The Basin,RESIDENTIAL,40,4.5964,2.6358,6.3957,34.8193,20.7411,49.1828,20330730000,1.4665,46.2543
SA2,211021261,Donvale - Park Orchards,RESIDENTIAL,166,6.5435,4.1069,8.7264,26.5914,13.6412,42.6632,20357440000,3.0988,48.5848
SA2,211021262,Warrandyte - Wonga Park,RESIDENTIAL,70,5.7112,4.7408,6.8495,32.8152,22.4622,42.0889,20357020000,3.3933,49.1085
SA2,211031263,Bayswater North,RESIDENTIAL,120,7.0849,6.0535,8.1633,19.5455,12.1777,26.1672,20386950000,3.9081,35.491
SA2,211031265,Croydon Hills - Warranwood,RESIDENTIAL,159,6.9514,5.9009,8.0238,23.2217,15.7838,32.6386,20386490000,3.7527,50.8505
SA2,211031266,Ringwood,RESIDENTIAL,199,7.4038,6.3138,8.3664,16.1059,10.2288,21.9518,20391990000,5.1754,10.9576
SA2,211031267,Ringwood East,RESIDENTIAL,217,6.7952,5.7603,7.6383,21.9064,15.2817,29.5059,20384710000,4.1614,37.8154
SA2,211031268,Ringwood North,RESIDENTIAL,87,6.555,5.4067,7.638,22.89,14.5054,33.0165,20390800000,4.6142,33.6439
SA2,211031450,Croydon - East,RESIDENTIAL,173,7.1823,6.3192,8.3085,20.0267,12.7166,26.213,20386090000,4.7876,36.6028
SA2,211031451,Croydon - West,RESIDENTIAL,139,7.0775,5.7395,8.2457,20.1789,10.9666,29.0382,20386940000,4.3717,36.4626
SA2,211031452,Croydon South,RESIDENTIAL,49,6.666,5.6008,7.4209,21.3993,16.5699,28.7448,20383430000,4.6311,37.899
SA2,211041269,Forest Hill,RESIDENTIAL,107,8.0506,7.3307,8.6908,16.3856,11.0047,22.3821,20595790000,6.2294,31.1959
SA2,211041270,Mitcham (Vic.),RESIDENTIAL,175,7.6423,6.6454,8.6242,20.4298,12.9871,28.3702,20596190000,5.1827,41.9397
SA2,211041271,Nunawading,RESIDENTIAL,117,7.8932,7.198,8.5636,17.2017,12.2442,22.8437,20602460000,6.4617,28.2046
SA2,211041272,Vermont,RESIDENTIAL,102,7.7574,6.797,8.6713,19.2954,12.0012,26.9209,20599170000,5.5513,28.6907
SA2,211041273,Vermont South,RESIDENTIAL,99,8.4494,7.5313,9.244,15.3295,11.2522,20.2647,20594660000,5.9067,34.6715
SA2,211051274,Belgrave - Selby,RESIDENTIAL,46,4.7441,3.2905,5.9364,47.651,40.933,56.5104,20648000000,1.4485,50.3891
SA2,211051275,Chirnside Park,RESIDENTIAL,79,7.451,6.8094,8.018,15.516,9.9723,19.9906,20656413000,4.9527,8.3453
SA2,211051276,Healesville - Yarra Glen,RESIDENTIAL,107,4.9729,3.1519,7.103,28.9049,14.3385,48.5526,20659962000,1.5991,55.119
SA2,211051277,Kilsyth,RESIDENTIAL,86,6.6867,5.895,7.3808,19.5655,13.3098,25.9734,20658020000,3.7576,23.1028
SA2,211051278,Lilydale - Coldstream,RESIDENTIAL,157,7.0481,5.2583,8.4615,18.2466,8.9353,28.9561,20657570000,2.7932,54.7168
SA2,211051279,Monbulk - Silvan,RESIDENTIAL,27,4.9818,3.8423,6.4538,34.9428,23.876,44.3092,20661900000,1.7128,50.5433
SA2,211051280,Montrose,RESIDENTIAL,56,4.8262,3.2206,6.1609,34.1715,23.8264,44.7615,20658490000,1.9566,47.4185
SA2,211051281,Mooroolbark,RESIDENTIAL,201,7.0093,5.9307,8.0257,18.5103,12.286,25.125,20655020000,3.0317,56.1384
SA2,211051282,Mount Dandenong - Olinda,RESIDENTIAL,2,1.1638,0.0359,2.2918,52.5706,46.1454,58.9958,20650920000,-0.2461,60.6021
SA2,211051283,Mount Evelyn,RESIDENTIAL,76,5.4174,3.9584,6.8218,36.8144,28.1314,48.6654,20657470000,2.4122,55.4586
SA2,211051284,Upwey - Tecoma,RESIDENTIAL,93,4.4662,2.6617,6.4337,45.9303,37.4283,55.1905,20648600000,0.8547,48.7136
SA2,211051285,Wandin - Seville,RESIDENTIAL,40,7.1386,5.9165,8.309,25.0692,16.8955,33.3717,20661230000,5.004,25.3054
SA2,211051286,Yarra Valley,RESIDENTIAL,109,5.126,1.3938,9.0971,33.2966,18.5775,50.8132,20662072000,-0.2966,55.6174
SA2,212011287,Beaconsfield - Officer,RESIDENTIAL,116,11.8255,9.7865,14.2946,7.219,1.145,13.5414,20631986600,7.9212,29.1574
SA2,212011288,Bunyip - Garfield,RESIDENTIAL,53,7.0703,5.3176,8.5577,15.2541,6.2772,27.814,20100601000,4.2255,31.6729
SA2,212011289,Emerald - Cockatoo,RESIDENTIAL,116,4.3988,2.6166,6.348,46.1188,30.862,59.8266,20102444000,1.4096,53.938
SA2,212011290,Koo Wee Rup,RESIDENTIAL,31,10.2602,9.1234,11.8401,6.4539,0.0809,10.9761,20106290000,8.4766,9.7444
SA2,212011291,Pakenham - North,RESIDENTIAL,154,11.9902,10.7964,13.2941,7.1154,1.18,12.7794,20631958680,7.7576,6.0212
SA2,212011292,Pakenham - South,RESIDENTIAL,269,12.0803,10.6435,13.3617,6.257,0.7174,11.8628,20103050000,7.8072,14.1931
SA2,212021293,Berwick - North,RESIDENTIAL,227,11.0465,9.6482,12.1637,15.172,8.8174,22.3918,20106430000,7.6825,16.4435
SA2,212021294,Berwick - South,RESIDENTIAL,208,12.7843,11.4194,14.0725,8.93,3.7866,13.8519,20631957510,10.3814,10.2479
SA2,212021295,Doveton,RESIDENTIAL,98,8.3373,7.9717,8.778,8.5799,5.959,11.3003,20124570000,7.6233,8.8934
SA2,212021297,Hallam,RESIDENTIAL,87,9.4929,8.7386,10.2964,8.3039,4.9274,12.4015,20124970000,8.2653,9.091
SA2,212021299,Narre Warren North,RESIDENTIAL,71,8.083,6.0546,10.0823,14.9644,7.3835,23.59,20127930000,5.1037,9.2933
SA2,212021453,Endeavour Hills - North,RESIDENTIAL,97,8.2843,6.9434,9.1901,10.6668,7.0711,15.2098,20124440000,5.0269,19.9298
SA2,212021454,Endeavour Hills - South,RESIDENTIAL,112,8.985,8.2716,9.7824,9.4651,6.825,12.5476,20124900000,7.9701,5.8849
SA2,212021455,Narre Warren - North East,RESIDENTIAL,120,11.5733,10.3564,12.2721,9.4409,6.7291,12.2267,20114300000,8.7066,10.5937
SA2,212021456,Narre Warren - South West,RESIDENTIAL,127,11.2894,9.2904,12.5147,10.179,5.0957,14.0015,20126030000,8.3495,9.609
SA2,212031300,Cranbourne,RESIDENTIAL,198,11.6812,9.2809,13.7858,9.398,3.4484,13.88,20122311000,7.5838,13.8797
SA2,212031301,Cranbourne East,RESIDENTIAL,190,13.9932,12.8339,15.0154,3.5425,0.79,6.5663,20631926890,9.4789,23.7413
SA2,212031302,Cranbourne North,RESIDENTIAL,159,12.647,8.9667,15.0212,6.9016,1.8501,12.4045,20121300000,7.305,19.9096
SA2,212031303,Cranbourne South,RESIDENTIAL,43,10.2795,8.7372,12.1229,7.5421,2.2886,14.3138,20631995990,8.0946,8.2767
SA2,212031304,Cranbourne West,RESIDENTIAL,119,10.4965,9.2903,11.7619,4.836,0.9418,9.4396,20122490000,8.2062,4.6344
SA2,212031305,Hampton Park - Lynbrook,RESIDENTIAL,204,9.6702,8.8033,10.7242,8.3514,4.3601,12.3384,20121940000,5.7506,5.3482
SA2,212031306,Lynbrook - Lyndhurst,RESIDENTIAL,108,10.4485,9.4525,11.5705,6.4471,1.938,12.1527,20122373220,7.7099,5.7016
SA2,212031308,Pearcedale - Tooradin,RESIDENTIAL,55,8.2799,6.7321,10.3826,18.882,11.3863,30.0932,20128870000,4.7909,16.8864
SA2,212031457,Narre Warren South (East),RESIDENTIAL,108,13.1389,11.5401,14.3044,10.3597,5.2876,16.205,20109310000,10.4748,21.539
SA2,212031458,Narre Warren South (West),RESIDENTIAL,129,12.5546,10.3269,14.0594,8.5844,4.8158,14.6313,20107920000,8.5601,24.5965
SA2,212041309,Clarinda - Oakleigh South,RESIDENTIAL,115,9.9517,9.2702,10.6678,8.4057,4.8993,12.8056,20310320000,8.6897,16.0446
SA2,212041310,Clayton South,RESIDENTIAL,129,9.7303,9.1358,10.369,7.1276,4.2135,9.7583,20307180000,7.9716,11.1378
SA2,212041311,Dandenong,RESIDENTIAL,298,9.1756,8.3337,9.9067,7.859,3.8217,12.3864,20631956750,6.1486,15.3236
SA2,212041312,Dandenong North,RESIDENTIAL,217,8.7701,8.3032,9.2076,8.6518,5.5214,12.171,20221050000,7.1846,12.9384
SA2,212041313,Dingley Village,RESIDENTIAL,102,9.8772,9.1556,10.4037,12.4968,8.8017,16.9569,20315140000,7.4631,17.0673
SA2,212041314,Keysborough,RESIDENTIAL,219,10.1916,9.3538,11.3588,5.9761,0.8581,9.9054,20631958720,8.1856,12.9915
SA2,212041316,Noble Park North,RESIDENTIAL,69,8.6369,8.1297,9.2094,9.035,6.8775,11.4588,20224090000,7.7238,12.4264
SA2,212041317,Springvale,RESIDENTIAL,189,9.2432,8.4777,9.8942,7.5601,4.6684,10.4072,20228690000,6.1587,12.1295
SA2,212041318,Springvale South,RESIDENTIAL,109,9.9152,9.391,10.4287,8.24,5.2354,11.8721,20227231000,8.1738,13.4054
SA2,212041459,Noble Park - East,RESIDENTIAL,135,8.9723,8.2941,9.438,9.8608,6.2866,14.515,20220800000,7.6847,10.6544
SA2,212041460,Noble Park - West,RESIDENTIAL,181,9.4712,9.0471,10.014,7.4798,4.9192,10.4237,20229240000,8.3138,4.7886
SA2,212051319,Ashwood - Chadstone,RESIDENTIAL,193,8.4933,7.8779,9.1966,12.4473,8.1053,17.0195,20426100000,6.5361,17.3215
SA2,212051320,Clayton,RESIDENTIAL,190,9.0142,8.1646,9.5915,10.3333,5.6839,15.5436,20443610000,4.8842,1.0133
SA2,212051321,Glen Waverley - East,RESIDENTIAL,191,8.348,7.718,8.9651,14.9419,11.0094,19.4262,20433820000,6.748,6.9253
SA2,212051322,Glen Waverley - West,RESIDENTIAL,190,8.234,7.5906,8.9011,14.3866,10.3914,19.6868,20442990000,6.6391,27.967
SA2,212051323,Mount Waverley - North,RESIDENTIAL,157,8.1066,7.3696,8.8057,15.9717,11.4847,21.7,20441210000,5.8766,27.3394
SA2,212051324,Mount Waverley - South,RESIDENTIAL,190,8.2429,7.2394,9.0193,14.5893,9.9732,20.6262,20441700000,6.2031,17.8786
SA2,212051325,Mulgrave,RESIDENTIAL,177,8.7869,8.2238,9.2797,11.1729,7.0841,15.3659,20435420000,7.4417,12.6535
SA2,212051326,Oakleigh - Huntingdale,RESIDENTIAL,225,8.6414,8.051,9.3122,11.4574,7.4569,16.6589,20631943030,6.0736,13.738
SA2,212051327,Wheelers Hill,RESIDENTIAL,174,8.3249,7.6708,9.0024,15.3364,10.0708,22.2636,20434900000,6.7037,24.9023
SA2,213011328,Ardeer - Albion,RESIDENTIAL,78,10.3924,9.9243,10.8986,8.0194,5.3216,11.1407,20088272000,9.6809,18.0618
SA2,213011329,Cairnlea,RESIDENTIAL,76,11.8283,11.1481,12.2549,5.9588,3.3326,10.1377,20085250000,10.8642,4.5381
SA2,213011330,Deer Park - Derrimut,RESIDENTIAL,216,11.4754,10.4357,12.6264,4.6442,1.9174,7.4345,20085130000,9.4386,5.9453
SA2,213011331,Delahey,RESIDENTIAL,72,11.3494,10.9882,11.8927,5.1583,2.9379,7.7978,20076650000,10.2941,7.5731
SA2,213011332,Keilor Downs,RESIDENTIAL,124,10.7298,10.3312,11.246,6.9162,3.9325,9.964,20079490000,9.4027,9.7854
SA2,213011333,Kings Park (Vic.),RESIDENTIAL,120,10.8471,10.5134,11.2674,5.0103,2.7639,7.0073,20092040000,9.1767,13.4859
SA2,213011334,St Albans - North,RESIDENTIAL,193,10.528,10.1016,11.0327,6.1507,3.9702,8.4932,20075910000,9.5551,5.2154
SA2,213011335,St Albans - South,RESIDENTIAL,146,10.8115,10.3636,11.5054,5.1909,3.203,7.2868,20089450000,9.7666,4.0076
SA2,213011336,Sunshine,RESIDENTIAL,87,9.9435,9.1749,10.7347,9.7405,6.8752,13.4593,20092970000,8.4808,7.5032
SA2,213011337,Sunshine North,RESIDENTIAL,104,10.6081,10.2547,11.1505,6.1709,4.1022,8.1711,20093373000,7.0128,36.9218
SA2,213011338,Sunshine West,RESIDENTIAL,158,10.4134,9.7424,11.1411,5.6656,2.8993,8.9437,20631941810,7.1408,3.7855
SA2,213011339,Sydenham,RESIDENTIAL,109,11.5291,11.045,12.0681,5.3077,3.1519,8.0083,20631978730,10.9507,8.0027
SA2,213011340,Taylors Lakes,RESIDENTIAL,142,10.7485,10.3246,11.1386,6.7737,3.9786,10.4116,20083870000,9.2101,15.1721
SA2,213021341,Altona,RESIDENTIAL,157,7.5857,6.7904,8.4651,8.8713,5.6161,12.5873,20281190000,4.4297,8.895
SA2,213021342,Altona Meadows,RESIDENTIAL,179,9.7831,9.02,10.5333,5.7105,2.9087,8.3105,20276690000,8.2248,6.4241
SA2,213021343,Altona North,RESIDENTIAL,131,8.9079,8.2293,9.5153,7.1268,4.3467,9.7257,20280530000,7.4883,8.0425
SA2,213021344,Newport,RESIDENTIAL,180,7.6317,6.3523,8.9074,10.7269,7.2586,14.051,20283960000,5.7201,14.2159
SA2,213021345,Seabrook,RESIDENTIAL,44,10.2436,9.7876,10.7457,7.3497,4.6566,10.5394,20276810000,9.148,10.7238
SA2,213021346,Williamstown,RESIDENTIAL,161,6.2826,5.2024,7.35,11.3418,6.7829,18.1584,20282620000,3.8228,27.8076
SA2,213031347,Braybrook,RESIDENTIAL,173,9.9492,9.054,10.7718,8.1461,4.9138,11.2327,20631967390,4.7076,2.8356
SA2,213031348,Footscray,RESIDENTIAL,182,9.4696,8.4725,10.6571,9.1743,3.6974,14.7085,20379240000,7.1004,9.2848
SA2,213031349,Maribyrnong,RESIDENTIAL,119,10.2694,9.3505,11.2339,9.3622,4.574,15.885,20631965770,5.8671,8.5457
SA2,213031350,Seddon - Kingsville,RESIDENTIAL,106,8.1092,6.8909,9.2158,9.781,5.7615,13.4816,20374910000,6.7182,8.5453
SA2,213031351,West Footscray - Tottenham,RESIDENTIAL,120,9.471,8.8571,10.088,9.4429,5.7514,12.9664,20379790000,7.947,8.9407
SA2,213031352,Yarraville,RESIDENTIAL,156,8.2687,7.2341,9.4168,10.5023,6.957,15.024,20374540000,6.6766,17.3548
SA2,213041355,Hillside,RESIDENTIAL,183,10.3103,9.4927,11.1755,4.6162,0.6321,8.9984,20403800000,9.0298,9.8587
SA2,213041356,Melton,RESIDENTIAL,183,10.9983,9.9466,12.0386,6.7959,1.894,11.5364,20631926930,8.3683,20.7666
SA2,213041357,Melton South,RESIDENTIAL,229,11.0828,9.6529,12.7511,5.0906,0.4756,9.5163,20631936590,8.1494,7.8009
SA2,213041358,Melton West,RESIDENTIAL,155,11.4656,10.2915,12.8784,4.7822,0.5101,10.0732,20631943500,9.5165,11.6448
SA2,213041359,Rockbank - Mount Cottrell,RESIDENTIAL,8,10.3352,9.6688,11.6567,5.3622,3.0004,7.3856,20631902310,9.3357,3.9714
SA2,213041360,Taylors Hill,RESIDENTIAL,134,10.9274,9.5974,12.0469,4.5561,1.7813,7.546,20631909610,8.4346,5.8318
SA2,213041461,Burnside,RESIDENTIAL,38,11.5382,10.994,12.0572,5.2129,2.7123,7.6847,20631941380,10.3194,3.5484
SA2,213041462,Burnside Heights,RESIDENTIAL,40,11.926,11.298,12.5497,4.2104,2.5314,6.9458,20405390000,10.5247,8.5523
SA2,213041463,Caroline Springs,RESIDENTIAL,165,9.5763,7.9565,11.3589,6.8762,3.4554,10.1849,20631998020,5.4198,2.1239
SA2,213051361,Hoppers Crossing - North,RESIDENTIAL,168,9.4932,7.1559,11.1753,6.3806,3.838,9.269,20630010000,6.5704,11.5278
SA2,213051362,Hoppers Crossing - South,RESIDENTIAL,188,8.4025,7.4601,10.8849,7.0824,5.0649,9.6288,20624750000,6.5914,10.8362
SA2,213051363,Laverton,RESIDENTIAL,90,10.4727,9.2382,11.8431,5.7826,0.6887,9.9787,20281820000,8.6401,13.0302
SA2,213051365,Tarneit,RESIDENTIAL,272,8.9408,8.1325,9.703,3.4074,0.7708,6.0389,20631810000,5.8244,11.8753
SA2,213051366,Truganina,RESIDENTIAL,180,11.6688,10.7792,12.4177,2.3621,0.4801,5.4432,20631848300,7.7141,7.0255
SA2,213051368,Werribee - South,RESIDENTIAL,122,7.5012,6.4551,8.4168,8.1261,4.2882,12.6978,20626750000,4.6575,16.6735
SA2,213051369,Wyndham Vale,RESIDENTIAL,196,9.0064,7.9355,9.7492,4.7958,0.9842,9.2676,20636078400,7.5571,0.0842
SA2,213051464,Point Cook - East,RESIDENTIAL,122,9.3753,7.2587,10.9918,3.6423,0.2393,8.8632,20632290000,3.7525,3.9603
SA2,213051465,Point Cook - North,RESIDENTIAL,188,11.1902,10.5681,11.8905,5.2737,2.5464,8.0421,20633260000,7.7786,4.2029
SA2,213051466,Point Cook - South,RESIDENTIAL,112,11.2107,10.5692,11.9584,2.9062,0.7559,5.4451,20631953630,7.4726,3.9758
SA2,213051467,Werribee - East,RESIDENTIAL,182,7.7326,7.3216,8.4002,7.6426,4.6682,11.0225,20625450000,5.7924,12.1354
SA2,213051468,Werribee - West,RESIDENTIAL,114,8.1929,7.4782,8.8165,8.479,3.8692,12.9492,20631985070,5.1328,27.1873
SA2,214011370,Carrum Downs,RESIDENTIAL,196,9.8899,8.9016,10.9211,9.9057,4.3568,14.5222,20179730000,8.2569,12.3245
SA2,214011371,Frankston,RESIDENTIAL,307,8.1102,7.301,8.9542,15.7058,9.4897,21.1544,20172190000,4.7827,14.9453
SA2,214011372,Frankston North,RESIDENTIAL,225,8.7633,8.178,9.4038,15.4078,10.7875,19.7101,20174990000,7.3345,25.8835
SA2,214011373,Frankston South,RESIDENTIAL,178,6.8875,5.2845,8.2161,22.2271,13.8786,32.077,20178820000,3.2896,24.1459
SA2,214011374,Langwarrin,RESIDENTIAL,219,8.3373,6.6531,9.6023,16.0473,8.3841,24.8108,20167060000,4.1372,43.7851
SA2,214011375,Seaford (Vic.),RESIDENTIAL,220,8.3695,6.4389,9.7071,13.7049,9.5739,17.6863,20171450000,4.7589,20.4362
SA2,214011376,Skye - Sandhurst,RESIDENTIAL,115,10.1979,8.8974,11.1489,8.3167,2.8858,14.6057,20167200000,6.4654,4.4599
SA2,214021377,Dromana,RESIDENTIAL,213,5.5115,4.0135,7.2916,15.8618,6.6861,27.7734,20483660000,0.9838,38.641
SA2,214021378,Flinders,RESIDENTIAL,49,1.5307,0.3569,2.6122,37.5759,25.6994,55.2619,20495670000,-1.0759,55.9808
SA2,214021379,Hastings - Somers,RESIDENTIAL,245,5.2501,2.7261,7.7384,24.0004,9.7262,39.9568,20481870000,-0.1994,52.4559
SA2,214021380,Mornington,RESIDENTIAL,274,7.6378,6.1199,8.7228,12.475,6.9348,18.1922,20502190000,2.676,32.5873
SA2,214021381,Mount Eliza,RESIDENTIAL,176,6.26,4.8258,8.1456,24.0405,14.7026,33.06,20499150000,3.5002,44.4629
SA2,214021382,Mount Martha,RESIDENTIAL,218,6.1726,3.6757,8.8705,19.1874,6.8895,31.9423,20631934410,1.9756,27.1459
SA2,214021383,Point Nepean,RESIDENTIAL,567,3.5198,1.473,5.4378,24.4118,14.7169,33.5833,20485780000,-7.4353,29.8191
SA2,214021384,Rosebud - McCrae,RESIDENTIAL,345,5.5537,3.917,6.8286,18.277,9.1598,30.7942,20483630000,1.5887,46.1535
SA2,214021385,Somerville,RESIDENTIAL,142,6.5976,4.3116,7.8947,16.0586,8.0966,27.0351,20479080000,2.4816,36.9756
